reserve,service_area,aircraft_type,safe_payload_kg,rated_payload_kg,energy_limited,empty_trip_feasible,energy_at_safe_load_kwh,energy_budget_kwh,return_soc
0.05,S001,A,25.0,25,False,True,1.3127180160965892,4.2749999999999995,0.7082848853118691
0.05,S001,B,30.0,30,False,True,1.2739487146258892,3.8,0.6815128213435278
0.05,S001,C,80.0,80,False,True,3.0816969508470407,7.6,0.6147878811441199
0.05,S002,A,25.0,25,False,True,3.0904496148955753,4.2749999999999995,0.31323341891209433
0.05,S002,B,30.0,30,False,True,2.9987623332803524,3.8,0.2503094166799119
0.05,S002,C,80.0,80,False,True,7.347773113802879,7.6,0.0815283607746401
0.05,S003,A,25.0,25,False,True,3.1568292282540007,4.2749999999999995,0.29848239372133323
0.05,S003,B,30.0,30,False,True,3.0644077594681747,3.8,0.23389806013295633
0.05,S003,C,80.0,80,False,True,7.382299706401341,7.6,0.07721253669983241
0.05,S004,A,25.0,25,False,True,3.266746121100013,4.2749999999999995,0.27405641753333043
0.05,S004,B,30.0,30,False,True,3.169851801523034,3.8,0.20753704961924146
0.05,S004,C,78.95793894237403,80,True,True,7.6,7.6,0.050000000000000044
0.05,S005,A,25.0,25,False,True,2.244906793210243,4.2749999999999995,0.5011318237310571
0.05,S005,B,30.0,30,False,True,2.178298368995217,3.8,0.4554254077511958
0.05,S005,C,80.0,80,False,True,5.29270640424716,7.6,0.338411699469105
0.05,S006,A,25.0,25,False,True,1.3897202893687801,4.2749999999999995,0.69117326902916
0.05,S006,B,30.0,30,False,True,1.350059878268101,3.8,0.6624850304329748
0.05,S006,C,80.0,80,False,True,3.2533316961756764,7.6,0.5933335379780404
0.05,S007,A,25.0,25,False,True,2.017930455020118,4.2749999999999995,0.5515710099955293
0.05,S007,B,30.0,30,False,True,1.9597756453456459,3.8,0.5100560886635885
0.05,S007,C,80.0,80,False,True,4.679449163210208,7.6,0.415068854598724
0.05,S008,A,25.0,25,False,True,3.3871984744539185,4.2749999999999995,0.24728922789912922
0.05,S008,B,30.0,30,False,True,3.2871655445836714,3.8,0.17820861385408215
0.05,S008,C,75.93946395831884,80,True,True,7.599999999999966,7.6,0.05000000000000426
0.05,S009,A,25.0,25,False,True,2.3868506711344857,4.2749999999999995,0.46958873974789206
0.05,S009,B,30.0,30,False,True,2.3163773915299126,3.8,0.42090565211752184
0.05,S009,C,80.0,80,False,True,5.669496029358593,7.6,0.2913129963301758
0.05,S010,A,25.0,25,False,True,2.0707024146924407,4.2749999999999995,0.5398439078461243
0.05,S010,B,30.0,30,False,True,2.01101470248853,3.8,0.49724632437786753
0.05,S010,C,80.0,80,False,True,4.858749129052748,7.6,0.39265635886840655
0.05,S011,A,25.0,25,False,True,1.2196111986230465,4.2749999999999995,0.7289752891948786
0.05,S011,B,30.0,30,False,True,1.1839375412899882,3.8,0.704015614677503
0.05,S011,C,80.0,80,False,True,2.853218920512951,7.6,0.6433476349358811
0.05,S012,A,25.0,25,False,True,3.131205067003246,4.2749999999999995,0.30417665177705644
0.05,S012,B,30.0,30,False,True,3.0389370613228848,3.8,0.2402657346692788
0.05,S012,C,80.0,80,False,True,7.398339839206861,7.6,0.07520752009914233
0.05,S013,A,25.0,25,False,True,2.0741334613816913,4.2749999999999995,0.5390814530262908
0.05,S013,B,30.0,30,False,True,2.0143512763767877,3.8,0.4964121809058031
0.05,S013,C,80.0,80,False,True,4.8914839898345805,7.6,0.38856450127067743
0.05,S014,A,25.0,25,False,True,2.4256925813159116,4.2749999999999995,0.4609572041520197
0.05,S014,B,30.0,30,False,True,2.355323535517482,3.8,0.41116911612062945
0.05,S014,C,80.0,80,False,True,5.607762247373444,7.6,0.29902971907831954
0.05,S015,A,25.0,25,False,True,2.619252919750836,4.2749999999999995,0.4179437956109253
0.05,S015,B,30.0,30,False,True,2.544440587539693,3.8,0.3638898531150767
0.05,S015,C,80.0,80,False,True,6.1329877183423225,7.6,0.2333765352072097
0.06,S001,A,25.0,25,False,True,1.3127180160965892,4.2299999999999995,0.7082848853118691
0.06,S001,B,30.0,30,False,True,1.2739487146258892,3.76,0.6815128213435278
0.06,S001,C,80.0,80,False,True,3.0816969508470407,7.52,0.6147878811441199
0.06,S002,A,25.0,25,False,True,3.0904496148955753,4.2299999999999995,0.31323341891209433
0.06,S002,B,30.0,30,False,True,2.9987623332803524,3.76,0.2503094166799119
0.06,S002,C,80.0,80,False,True,7.347773113802879,7.52,0.0815283607746401
0.06,S003,A,25.0,25,False,True,3.1568292282540007,4.2299999999999995,0.29848239372133323
0.06,S003,B,30.0,30,False,True,3.0644077594681747,3.76,0.23389806013295633
0.06,S003,C,80.0,80,False,True,7.382299706401341,7.52,0.07721253669983241
0.06,S004,A,25.0,25,False,True,3.266746121100013,4.2299999999999995,0.27405641753333043
0.06,S004,B,30.0,30,False,True,3.169851801523034,3.76,0.20753704961924146
0.06,S004,C,78.20285420859693,80,True,True,7.519999999999999,7.52,0.060000000000000164
0.06,S005,A,25.0,25,False,True,2.244906793210243,4.2299999999999995,0.5011318237310571
0.06,S005,B,30.0,30,False,True,2.178298368995217,3.76,0.4554254077511958
0.06,S005,C,80.0,80,False,True,5.29270640424716,7.52,0.338411699469105
0.06,S006,A,25.0,25,False,True,1.3897202893687801,4.2299999999999995,0.69117326902916
0.06,S006,B,30.0,30,False,True,1.350059878268101,3.76,0.6624850304329748
0.06,S006,C,80.0,80,False,True,3.2533316961756764,7.52,0.5933335379780404
0.06,S007,A,25.0,25,False,True,2.017930455020118,4.2299999999999995,0.5515710099955293
0.06,S007,B,30.0,30,False,True,1.9597756453456459,3.76,0.5100560886635885
0.06,S007,C,80.0,80,False,True,4.679449163210208,7.52,0.415068854598724
0.06,S008,A,25.0,25,False,True,3.3871984744539185,4.2299999999999995,0.24728922789912922
0.06,S008,B,30.0,30,False,True,3.2871655445836714,3.76,0.17820861385408215
0.06,S008,C,75.10735740368891,80,True,True,7.519999999999999,7.52,0.060000000000000164
0.06,S009,A,25.0,25,False,True,2.3868506711344857,4.2299999999999995,0.46958873974789206
0.06,S009,B,30.0,30,False,True,2.3163773915299126,3.76,0.42090565211752184
0.06,S009,C,80.0,80,False,True,5.669496029358593,7.52,0.2913129963301758
0.06,S010,A,25.0,25,False,True,2.0707024146924407,4.2299999999999995,0.5398439078461243
0.06,S010,B,30.0,30,False,True,2.01101470248853,3.76,0.49724632437786753
0.06,S010,C,80.0,80,False,True,4.858749129052748,7.52,0.39265635886840655
0.06,S011,A,25.0,25,False,True,1.2196111986230465,4.2299999999999995,0.7289752891948786
0.06,S011,B,30.0,30,False,True,1.1839375412899882,3.76,0.704015614677503
0.06,S011,C,80.0,80,False,True,2.853218920512951,7.52,0.6433476349358811
0.06,S012,A,25.0,25,False,True,3.131205067003246,4.2299999999999995,0.30417665177705644
0.06,S012,B,30.0,30,False,True,3.0389370613228848,3.76,0.2402657346692788
0.06,S012,C,80.0,80,False,True,7.398339839206861,7.52,0.07520752009914233
0.06,S013,A,25.0,25,False,True,2.0741334613816913,4.2299999999999995,0.5390814530262908
0.06,S013,B,30.0,30,False,True,2.0143512763767877,3.76,0.4964121809058031
0.06,S013,C,80.0,80,False,True,4.8914839898345805,7.52,0.38856450127067743
0.06,S014,A,25.0,25,False,True,2.4256925813159116,4.2299999999999995,0.4609572041520197
0.06,S014,B,30.0,30,False,True,2.355323535517482,3.76,0.41116911612062945
0.06,S014,C,80.0,80,False,True,5.607762247373444,7.52,0.29902971907831954
0.06,S015,A,25.0,25,False,True,2.619252919750836,4.2299999999999995,0.4179437956109253
0.06,S015,B,30.0,30,False,True,2.544440587539693,3.76,0.3638898531150767
0.06,S015,C,80.0,80,False,True,6.1329877183423225,7.52,0.2333765352072097
0.07,S001,A,25.0,25,False,True,1.3127180160965892,4.185,0.7082848853118691
0.07,S001,B,30.0,30,False,True,1.2739487146258892,3.7199999999999998,0.6815128213435278
0.07,S001,C,80.0,80,False,True,3.0816969508470407,7.4399999999999995,0.6147878811441199
0.07,S002,A,25.0,25,False,True,3.0904496148955753,4.185,0.31323341891209433
0.07,S002,B,30.0,30,False,True,2.9987623332803524,3.7199999999999998,0.2503094166799119
0.07,S002,C,80.0,80,False,True,7.347773113802879,7.4399999999999995,0.0815283607746401
0.07,S003,A,25.0,25,False,True,3.1568292282540007,4.185,0.29848239372133323
0.07,S003,B,30.0,30,False,True,3.0644077594681747,3.7199999999999998,0.23389806013295633
0.07,S003,C,80.0,80,False,True,7.382299706401341,7.4399999999999995,0.07721253669983241
0.07,S004,A,25.0,25,False,True,3.266746121100013,4.185,0.27405641753333043
0.07,S004,B,30.0,30,False,True,3.169851801523034,3.7199999999999998,0.20753704961924146
0.07,S004,C,77.41964906576716,80,True,True,7.4399999999999995,7.4399999999999995,0.07000000000000006
0.07,S005,A,25.0,25,False,True,2.244906793210243,4.185,0.5011318237310571
0.07,S005,B,30.0,30,False,True,2.178298368995217,3.7199999999999998,0.4554254077511958
0.07,S005,C,80.0,80,False,True,5.29270640424716,7.4399999999999995,0.338411699469105
0.07,S006,A,25.0,25,False,True,1.3897202893687801,4.185,0.69117326902916
0.07,S006,B,30.0,30,False,True,1.350059878268101,3.7199999999999998,0.6624850304329748
0.07,S006,C,80.0,80,False,True,3.2533316961756764,7.4399999999999995,0.5933335379780404
0.07,S007,A,25.0,25,False,True,2.017930455020118,4.185,0.5515710099955293
0.07,S007,B,30.0,30,False,True,1.9597756453456459,3.7199999999999998,0.5100560886635885
0.07,S007,C,80.0,80,False,True,4.679449163210208,7.4399999999999995,0.415068854598724
0.07,S008,A,25.0,25,False,True,3.3871984744539185,4.185,0.24728922789912922
0.07,S008,B,30.0,30,False,True,3.2871655445836714,3.7199999999999998,0.17820861385408215
0.07,S008,C,74.24320559854334,80,True,True,7.4399999999999995,7.4399999999999995,0.07000000000000006
0.07,S009,A,25.0,25,False,True,2.3868506711344857,4.185,0.46958873974789206
0.07,S009,B,30.0,30,False,True,2.3163773915299126,3.7199999999999998,0.42090565211752184
0.07,S009,C,80.0,80,False,True,5.669496029358593,7.4399999999999995,0.2913129963301758
0.07,S010,A,25.0,25,False,True,2.0707024146924407,4.185,0.5398439078461243
0.07,S010,B,30.0,30,False,True,2.01101470248853,3.7199999999999998,0.49724632437786753
0.07,S010,C,80.0,80,False,True,4.858749129052748,7.4399999999999995,0.39265635886840655
0.07,S011,A,25.0,25,False,True,1.2196111986230465,4.185,0.7289752891948786
0.07,S011,B,30.0,30,False,True,1.1839375412899882,3.7199999999999998,0.704015614677503
0.07,S011,C,80.0,80,False,True,2.853218920512951,7.4399999999999995,0.6433476349358811
0.07,S012,A,25.0,25,False,True,3.131205067003246,4.185,0.30417665177705644
0.07,S012,B,30.0,30,False,True,3.0389370613228848,3.7199999999999998,0.2402657346692788
0.07,S012,C,80.0,80,False,True,7.398339839206861,7.4399999999999995,0.07520752009914233
0.07,S013,A,25.0,25,False,True,2.0741334613816913,4.185,0.5390814530262908
0.07,S013,B,30.0,30,False,True,2.0143512763767877,3.7199999999999998,0.4964121809058031
0.07,S013,C,80.0,80,False,True,4.8914839898345805,7.4399999999999995,0.38856450127067743
0.07,S014,A,25.0,25,False,True,2.4256925813159116,4.185,0.4609572041520197
0.07,S014,B,30.0,30,False,True,2.355323535517482,3.7199999999999998,0.41116911612062945
0.07,S014,C,80.0,80,False,True,5.607762247373444,7.4399999999999995,0.29902971907831954
0.07,S015,A,25.0,25,False,True,2.619252919750836,4.185,0.4179437956109253
0.07,S015,B,30.0,30,False,True,2.544440587539693,3.7199999999999998,0.3638898531150767
0.07,S015,C,80.0,80,False,True,6.1329877183423225,7.4399999999999995,0.2333765352072097
0.08,S001,A,25.0,25,False,True,1.3127180160965892,4.140000000000001,0.7082848853118691
0.08,S001,B,30.0,30,False,True,1.2739487146258892,3.68,0.6815128213435278
0.08,S001,C,80.0,80,False,True,3.0816969508470407,7.36,0.6147878811441199
0.08,S002,A,25.0,25,False,True,3.0904496148955753,4.140000000000001,0.31323341891209433
0.08,S002,B,30.0,30,False,True,2.9987623332803524,3.68,0.2503094166799119
0.08,S002,C,80.0,80,False,True,7.347773113802879,7.36,0.0815283607746401
0.08,S003,A,25.0,25,False,True,3.1568292282540007,4.140000000000001,0.29848239372133323
0.08,S003,B,30.0,30,False,True,3.0644077594681747,3.68,0.23389806013295633
0.08,S003,C,79.79162136307845,80,True,True,7.36,7.36,0.07999999999999996
0.08,S004,A,25.0,25,False,True,3.266746121100013,4.140000000000001,0.27405641753333043
0.08,S004,B,30.0,30,False,True,3.169851801523034,3.68,0.20753704961924146
0.08,S004,C,76.60668801985177,80,True,True,7.359999999999998,7.36,0.0800000000000003
0.08,S005,A,25.0,25,False,True,2.244906793210243,4.140000000000001,0.5011318237310571
0.08,S005,B,30.0,30,False,True,2.178298368995217,3.68,0.4554254077511958
0.08,S005,C,80.0,80,False,True,5.29270640424716,7.36,0.338411699469105
0.08,S006,A,25.0,25,False,True,1.3897202893687801,4.140000000000001,0.69117326902916
0.08,S006,B,30.0,30,False,True,1.350059878268101,3.68,0.6624850304329748
0.08,S006,C,80.0,80,False,True,3.2533316961756764,7.36,0.5933335379780404
0.08,S007,A,25.0,25,False,True,2.017930455020118,4.140000000000001,0.5515710099955293
0.08,S007,B,30.0,30,False,True,1.9597756453456459,3.68,0.5100560886635885
0.08,S007,C,80.0,80,False,True,4.679449163210208,7.36,0.415068854598724
0.08,S008,A,25.0,25,False,True,3.3871984744539185,4.140000000000001,0.24728922789912922
0.08,S008,B,30.0,30,False,True,3.2871655445836714,3.68,0.17820861385408215
0.08,S008,C,73.34506537031481,80,True,True,7.360000000000001,7.36,0.07999999999999985
0.08,S009,A,25.0,25,False,True,2.3868506711344857,4.140000000000001,0.46958873974789206
0.08,S009,B,30.0,30,False,True,2.3163773915299126,3.68,0.42090565211752184
0.08,S009,C,80.0,80,False,True,5.669496029358593,7.36,0.2913129963301758
0.08,S010,A,25.0,25,False,True,2.0707024146924407,4.140000000000001,0.5398439078461243
0.08,S010,B,30.0,30,False,True,2.01101470248853,3.68,0.49724632437786753
0.08,S010,C,80.0,80,False,True,4.858749129052748,7.36,0.39265635886840655
0.08,S011,A,25.0,25,False,True,1.2196111986230465,4.140000000000001,0.7289752891948786
0.08,S011,B,30.0,30,False,True,1.1839375412899882,3.68,0.704015614677503
0.08,S011,C,80.0,80,False,True,2.853218920512951,7.36,0.6433476349358811
0.08,S012,A,25.0,25,False,True,3.131205067003246,4.140000000000001,0.30417665177705644
0.08,S012,B,30.0,30,False,True,3.0389370613228848,3.68,0.2402657346692788
0.08,S012,C,79.64470478240554,80,True,True,7.360000000000001,7.36,0.07999999999999985
0.08,S013,A,25.0,25,False,True,2.0741334613816913,4.140000000000001,0.5390814530262908
0.08,S013,B,30.0,30,False,True,2.0143512763767877,3.68,0.4964121809058031
0.08,S013,C,80.0,80,False,True,4.8914839898345805,7.36,0.38856450127067743
0.08,S014,A,25.0,25,False,True,2.4256925813159116,4.140000000000001,0.4609572041520197
0.08,S014,B,30.0,30,False,True,2.355323535517482,3.68,0.41116911612062945
0.08,S014,C,80.0,80,False,True,5.607762247373444,7.36,0.29902971907831954
0.08,S015,A,25.0,25,False,True,2.619252919750836,4.140000000000001,0.4179437956109253
0.08,S015,B,30.0,30,False,True,2.544440587539693,3.68,0.3638898531150767
0.08,S015,C,80.0,80,False,True,6.1329877183423225,7.36,0.2333765352072097
0.09,S001,A,25.0,25,False,True,1.3127180160965892,4.095,0.7082848853118691
0.09,S001,B,30.0,30,False,True,1.2739487146258892,3.64,0.6815128213435278
0.09,S001,C,80.0,80,False,True,3.0816969508470407,7.28,0.6147878811441199
0.09,S002,A,25.0,25,False,True,3.0904496148955753,4.095,0.31323341891209433
0.09,S002,B,30.0,30,False,True,2.9987623332803524,3.64,0.2503094166799119
0.09,S002,C,79.36709994336678,80,True,True,7.2799999999999985,7.28,0.09000000000000019
0.09,S003,A,25.0,25,False,True,3.1568292282540007,4.095,0.29848239372133323
0.09,S003,B,30.0,30,False,True,3.0644077594681747,3.64,0.23389806013295633
0.09,S003,C,79.02613658230945,80,True,True,7.280000000000011,7.28,0.08999999999999864
0.09,S004,A,25.0,25,False,True,3.266746121100013,4.095,0.27405641753333043
0.09,S004,B,30.0,30,False,True,3.169851801523034,3.64,0.20753704961924146
0.09,S004,C,75.7622023541853,80,True,True,7.2800000000000304,7.28,0.0899999999999962
0.09,S005,A,25.0,25,False,True,2.244906793210243,4.095,0.5011318237310571
0.09,S005,B,30.0,30,False,True,2.178298368995217,3.64,0.4554254077511958
0.09,S005,C,80.0,80,False,True,5.29270640424716,7.28,0.338411699469105
0.09,S006,A,25.0,25,False,True,1.3897202893687801,4.095,0.69117326902916
0.09,S006,B,30.0,30,False,True,1.350059878268101,3.64,0.6624850304329748
0.09,S006,C,80.0,80,False,True,3.2533316961756764,7.28,0.5933335379780404
0.09,S007,A,25.0,25,False,True,2.017930455020118,4.095,0.5515710099955293
0.09,S007,B,30.0,30,False,True,1.9597756453456459,3.64,0.5100560886635885
0.09,S007,C,80.0,80,False,True,4.679449163210208,7.28,0.415068854598724
0.09,S008,A,25.0,25,False,True,3.3871984744539185,4.095,0.24728922789912922
0.09,S008,B,30.0,30,False,True,3.2871655445836714,3.64,0.17820861385408215
0.09,S008,C,72.4108267337842,80,True,True,7.2799999999999985,7.28,0.09000000000000019
0.09,S009,A,25.0,25,False,True,2.3868506711344857,4.095,0.46958873974789206
0.09,S009,B,30.0,30,False,True,2.3163773915299126,3.64,0.42090565211752184
0.09,S009,C,80.0,80,False,True,5.669496029358593,7.28,0.2913129963301758
0.09,S010,A,25.0,25,False,True,2.0707024146924407,4.095,0.5398439078461243
0.09,S010,B,30.0,30,False,True,2.01101470248853,3.64,0.49724632437786753
0.09,S010,C,80.0,80,False,True,4.858749129052748,7.28,0.39265635886840655
0.09,S011,A,25.0,25,False,True,1.2196111986230465,4.095,0.7289752891948786
0.09,S011,B,30.0,30,False,True,1.1839375412899882,3.64,0.704015614677503
0.09,S011,C,80.0,80,False,True,2.853218920512951,7.28,0.6433476349358811
0.09,S012,A,25.0,25,False,True,3.131205067003246,4.095,0.30417665177705644
0.09,S012,B,30.0,30,False,True,3.0389370613228848,3.64,0.2402657346692788
0.09,S012,C,78.88283257313329,80,True,True,7.28,7.28,0.08999999999999997
0.09,S013,A,25.0,25,False,True,2.0741334613816913,4.095,0.5390814530262908
0.09,S013,B,30.0,30,False,True,2.0143512763767877,3.64,0.4964121809058031
0.09,S013,C,80.0,80,False,True,4.8914839898345805,7.28,0.38856450127067743
0.09,S014,A,25.0,25,False,True,2.4256925813159116,4.095,0.4609572041520197
0.09,S014,B,30.0,30,False,True,2.355323535517482,3.64,0.41116911612062945
0.09,S014,C,80.0,80,False,True,5.607762247373444,7.28,0.29902971907831954
0.09,S015,A,25.0,25,False,True,2.619252919750836,4.095,0.4179437956109253
0.09,S015,B,30.0,30,False,True,2.544440587539693,3.64,0.3638898531150767
0.09,S015,C,80.0,80,False,True,6.1329877183423225,7.28,0.2333765352072097
0.1,S001,A,25.0,25,False,True,1.3127180160965892,4.05,0.7082848853118691
0.1,S001,B,30.0,30,False,True,1.2739487146258892,3.6,0.6815128213435278
0.1,S001,C,80.0,80,False,True,3.0816969508470407,7.2,0.6147878811441199
0.1,S002,A,25.0,25,False,True,3.0904496148955753,4.05,0.31323341891209433
0.1,S002,B,30.0,30,False,True,2.9987623332803524,3.6,0.2503094166799119
0.1,S002,C,78.59389587487189,80,True,True,7.2,7.2,0.09999999999999998
0.1,S003,A,25.0,25,False,True,3.1568292282540007,4.05,0.29848239372133323
0.1,S003,B,30.0,30,False,True,3.0644077594681747,3.6,0.23389806013295633
0.1,S003,C,78.23137502833178,80,True,True,7.2,7.2,0.09999999999999998
0.1,S004,A,25.0,25,False,True,3.266746121100013,4.05,0.27405641753333043
0.1,S004,B,30.0,30,False,True,3.169851801523034,3.6,0.20753704961924146
0.1,S004,C,74.88427573906891,80,True,True,7.200000000000001,7.2,0.09999999999999987
0.1,S005,A,25.0,25,False,True,2.244906793210243,4.05,0.5011318237310571
0.1,S005,B,30.0,30,False,True,2.178298368995217,3.6,0.4554254077511958
0.1,S005,C,80.0,80,False,True,5.29270640424716,7.2,0.338411699469105
0.1,S006,A,25.0,25,False,True,1.3897202893687801,4.05,0.69117326902916
0.1,S006,B,30.0,30,False,True,1.350059878268101,3.6,0.6624850304329748
0.1,S006,C,80.0,80,False,True,3.2533316961756764,7.2,0.5933335379780404
0.1,S007,A,25.0,25,False,True,2.017930455020118,4.05,0.5515710099955293
0.1,S007,B,30.0,30,False,True,1.9597756453456459,3.6,0.5100560886635885
0.1,S007,C,80.0,80,False,True,4.679449163210208,7.2,0.415068854598724
0.1,S008,A,25.0,25,False,True,3.3871984744539185,4.05,0.24728922789912922
0.1,S008,B,30.0,30,False,True,3.2871655445836714,3.6,0.17820861385408215
0.1,S008,C,71.43819365397916,80,True,True,7.2,7.2,0.09999999999999998
0.1,S009,A,25.0,25,False,True,2.3868506711344857,4.05,0.46958873974789206
0.1,S009,B,30.0,30,False,True,2.3163773915299126,3.6,0.42090565211752184
0.1,S009,C,80.0,80,False,True,5.669496029358593,7.2,0.2913129963301758
0.1,S010,A,25.0,25,False,True,2.0707024146924407,4.05,0.5398439078461243
0.1,S010,B,30.0,30,False,True,2.01101470248853,3.6,0.49724632437786753
0.1,S010,C,80.0,80,False,True,4.858749129052748,7.2,0.39265635886840655
0.1,S011,A,25.0,25,False,True,1.2196111986230465,4.05,0.7289752891948786
0.1,S011,B,30.0,30,False,True,1.1839375412899882,3.6,0.704015614677503
0.1,S011,C,80.0,80,False,True,2.853218920512951,7.2,0.6433476349358811
0.1,S012,A,25.0,25,False,True,3.131205067003246,4.05,0.30417665177705644
0.1,S012,B,30.0,30,False,True,3.0389370613228848,3.6,0.2402657346692788
0.1,S012,C,78.09189214161134,80,True,True,7.200000000000001,7.2,0.09999999999999987
0.1,S013,A,25.0,25,False,True,2.0741334613816913,4.05,0.5390814530262908
0.1,S013,B,30.0,30,False,True,2.0143512763767877,3.6,0.4964121809058031
0.1,S013,C,80.0,80,False,True,4.8914839898345805,7.2,0.38856450127067743
0.1,S014,A,25.0,25,False,True,2.4256925813159116,4.05,0.4609572041520197
0.1,S014,B,30.0,30,False,True,2.355323535517482,3.6,0.41116911612062945
0.1,S014,C,80.0,80,False,True,5.607762247373444,7.2,0.29902971907831954
0.1,S015,A,25.0,25,False,True,2.619252919750836,4.05,0.4179437956109253
0.1,S015,B,30.0,30,False,True,2.544440587539693,3.6,0.3638898531150767
0.1,S015,C,80.0,80,False,True,6.1329877183423225,7.2,0.2333765352072097
0.11,S001,A,25.0,25,False,True,1.3127180160965892,4.005,0.7082848853118691
0.11,S001,B,30.0,30,False,True,1.2739487146258892,3.56,0.6815128213435278
0.11,S001,C,80.0,80,False,True,3.0816969508470407,7.12,0.6147878811441199
0.11,S002,A,25.0,25,False,True,3.0904496148955753,4.005,0.31323341891209433
0.11,S002,B,30.0,30,False,True,2.9987623332803524,3.56,0.2503094166799119
0.11,S002,C,77.79081796224379,80,True,True,7.120000000000002,7.12,0.10999999999999976
0.11,S003,A,25.0,25,False,True,3.1568292282540007,4.005,0.29848239372133323
0.11,S003,B,30.0,30,False,True,3.0644077594681747,3.56,0.23389806013295633
0.11,S003,C,77.40560155230811,80,True,True,7.120000000000001,7.12,0.10999999999999988
0.11,S004,A,25.0,25,False,True,3.266746121100013,4.005,0.27405641753333043
0.11,S004,B,30.0,30,False,True,3.169851801523034,3.56,0.20753704961924146
0.11,S004,C,73.97082784342821,80,True,True,7.12,7.12,0.10999999999999999
0.11,S005,A,25.0,25,False,True,2.244906793210243,4.005,0.5011318237310571
0.11,S005,B,30.0,30,False,True,2.178298368995217,3.56,0.4554254077511958
0.11,S005,C,80.0,80,False,True,5.29270640424716,7.12,0.338411699469105
0.11,S006,A,25.0,25,False,True,1.3897202893687801,4.005,0.69117326902916
0.11,S006,B,30.0,30,False,True,1.350059878268101,3.56,0.6624850304329748
0.11,S006,C,80.0,80,False,True,3.2533316961756764,7.12,0.5933335379780404
0.11,S007,A,25.0,25,False,True,2.017930455020118,4.005,0.5515710099955293
0.11,S007,B,30.0,30,False,True,1.9597756453456459,3.56,0.5100560886635885
0.11,S007,C,80.0,80,False,True,4.679449163210208,7.12,0.415068854598724
0.11,S008,A,25.0,25,False,True,3.3871984744539185,4.005,0.24728922789912922
0.11,S008,B,30.0,30,False,True,3.2871655445836714,3.56,0.17820861385408215
0.11,S008,C,70.42466191766385,80,True,True,7.119999999999999,7.12,0.1100000000000001
0.11,S009,A,25.0,25,False,True,2.3868506711344857,4.005,0.46958873974789206
0.11,S009,B,30.0,30,False,True,2.3163773915299126,3.56,0.42090565211752184
0.11,S009,C,80.0,80,False,True,5.669496029358593,7.12,0.2913129963301758
0.11,S010,A,25.0,25,False,True,2.0707024146924407,4.005,0.5398439078461243
0.11,S010,B,30.0,30,False,True,2.01101470248853,3.56,0.49724632437786753
0.11,S010,C,80.0,80,False,True,4.858749129052748,7.12,0.39265635886840655
0.11,S011,A,25.0,25,False,True,1.2196111986230465,4.005,0.7289752891948786
0.11,S011,B,30.0,30,False,True,1.1839375412899882,3.56,0.704015614677503
0.11,S011,C,80.0,80,False,True,2.853218920512951,7.12,0.6433476349358811
0.11,S012,A,25.0,25,False,True,3.131205067003246,4.005,0.30417665177705644
0.11,S012,B,30.0,30,False,True,3.0389370613228848,3.56,0.2402657346692788
0.11,S012,C,77.27015430697877,80,True,True,7.12,7.12,0.10999999999999999
0.11,S013,A,25.0,25,False,True,2.0741334613816913,4.005,0.5390814530262908
0.11,S013,B,30.0,30,False,True,2.0143512763767877,3.56,0.4964121809058031
0.11,S013,C,80.0,80,False,True,4.8914839898345805,7.12,0.38856450127067743
0.11,S014,A,25.0,25,False,True,2.4256925813159116,4.005,0.4609572041520197
0.11,S014,B,30.0,30,False,True,2.355323535517482,3.56,0.41116911612062945
0.11,S014,C,80.0,80,False,True,5.607762247373444,7.12,0.29902971907831954
0.11,S015,A,25.0,25,False,True,2.619252919750836,4.005,0.4179437956109253
0.11,S015,B,30.0,30,False,True,2.544440587539693,3.56,0.3638898531150767
0.11,S015,C,80.0,80,False,True,6.1329877183423225,7.12,0.2333765352072097
0.12,S001,A,25.0,25,False,True,1.3127180160965892,3.96,0.7082848853118691
0.12,S001,B,30.0,30,False,True,1.2739487146258892,3.52,0.6815128213435278
0.12,S001,C,80.0,80,False,True,3.0816969508470407,7.04,0.6147878811441199
0.12,S002,A,25.0,25,False,True,3.0904496148955753,3.96,0.31323341891209433
0.12,S002,B,30.0,30,False,True,2.9987623332803524,3.52,0.2503094166799119
0.12,S002,C,76.95605796706226,80,True,True,7.039999999999999,7.04,0.1200000000000001
0.12,S003,A,25.0,25,False,True,3.1568292282540007,3.96,0.29848239372133323
0.12,S003,B,30.0,30,False,True,3.0644077594681747,3.52,0.23389806013295633
0.12,S003,C,76.54693812413099,80,True,True,7.039999999999997,7.04,0.12000000000000033
0.12,S004,A,25.0,25,False,True,3.266746121100013,3.96,0.27405641753333043
0.12,S004,B,30.0,30,False,True,3.169851801523034,3.52,0.20753704961924146
0.12,S004,C,73.01959559924187,80,True,True,7.040000000000001,7.04,0.11999999999999988
0.12,S005,A,25.0,25,False,True,2.244906793210243,3.96,0.5011318237310571
0.12,S005,B,30.0,30,False,True,2.178298368995217,3.52,0.4554254077511958
0.12,S005,C,80.0,80,False,True,5.29270640424716,7.04,0.338411699469105
0.12,S006,A,25.0,25,False,True,1.3897202893687801,3.96,0.69117326902916
0.12,S006,B,30.0,30,False,True,1.350059878268101,3.52,0.6624850304329748
0.12,S006,C,80.0,80,False,True,3.2533316961756764,7.04,0.5933335379780404
0.12,S007,A,25.0,25,False,True,2.017930455020118,3.96,0.5515710099955293
0.12,S007,B,30.0,30,False,True,1.9597756453456459,3.52,0.5100560886635885
0.12,S007,C,80.0,80,False,True,4.679449163210208,7.04,0.415068854598724
0.12,S008,A,25.0,25,False,True,3.3871984744539185,3.96,0.24728922789912922
0.12,S008,B,30.0,30,False,True,3.2871655445836714,3.52,0.17820861385408215
0.12,S008,C,69.36749355908059,80,True,True,7.039999999999999,7.04,0.1200000000000001
0.12,S009,A,25.0,25,False,True,2.3868506711344857,3.96,0.46958873974789206
0.12,S009,B,30.0,30,False,True,2.3163773915299126,3.52,0.42090565211752184
0.12,S009,C,80.0,80,False,True,5.669496029358593,7.04,0.2913129963301758
0.12,S010,A,25.0,25,False,True,2.0707024146924407,3.96,0.5398439078461243
0.12,S010,B,30.0,30,False,True,2.01101470248853,3.52,0.49724632437786753
0.12,S010,C,80.0,80,False,True,4.858749129052748,7.04,0.39265635886840655
0.12,S011,A,25.0,25,False,True,1.2196111986230465,3.96,0.7289752891948786
0.12,S011,B,30.0,30,False,True,1.1839375412899882,3.52,0.704015614677503
0.12,S011,C,80.0,80,False,True,2.853218920512951,7.04,0.6433476349358811
0.12,S012,A,25.0,25,False,True,3.131205067003246,3.96,0.30417665177705644
0.12,S012,B,30.0,30,False,True,3.0389370613228848,3.52,0.2402657346692788
0.12,S012,C,76.41574611051578,80,True,True,7.039999999999996,7.04,0.12000000000000055
0.12,S013,A,25.0,25,False,True,2.0741334613816913,3.96,0.5390814530262908
0.12,S013,B,30.0,30,False,True,2.0143512763767877,3.52,0.4964121809058031
0.12,S013,C,80.0,80,False,True,4.8914839898345805,7.04,0.38856450127067743
0.12,S014,A,25.0,25,False,True,2.4256925813159116,3.96,0.4609572041520197
0.12,S014,B,30.0,30,False,True,2.355323535517482,3.52,0.41116911612062945
0.12,S014,C,80.0,80,False,True,5.607762247373444,7.04,0.29902971907831954
0.12,S015,A,25.0,25,False,True,2.619252919750836,3.96,0.4179437956109253
0.12,S015,B,30.0,30,False,True,2.544440587539693,3.52,0.3638898531150767
0.12,S015,C,80.0,80,False,True,6.1329877183423225,7.04,0.2333765352072097
0.13,S001,A,25.0,25,False,True,1.3127180160965892,3.915,0.7082848853118691
0.13,S001,B,30.0,30,False,True,1.2739487146258892,3.48,0.6815128213435278
0.13,S001,C,80.0,80,False,True,3.0816969508470407,6.96,0.6147878811441199
0.13,S002,A,25.0,25,False,True,3.0904496148955753,3.915,0.31323341891209433
0.13,S002,B,30.0,30,False,True,2.9987623332803524,3.48,0.2503094166799119
0.13,S002,C,76.08765392639441,80,True,True,6.95999999999998,6.96,0.13000000000000245
0.13,S003,A,25.0,25,False,True,3.1568292282540007,3.915,0.29848239372133323
0.13,S003,B,30.0,30,False,True,3.0644077594681747,3.48,0.23389806013295633
0.13,S003,C,75.6533483461776,80,True,True,6.960000000000023,6.96,0.12999999999999712
0.13,S004,A,25.0,25,False,True,3.266746121100013,3.915,0.27405641753333043
0.13,S004,B,30.0,30,False,True,3.169851801523034,3.48,0.20753704961924146
0.13,S004,C,72.02811169386302,80,True,True,6.96,6.96,0.13
0.13,S005,A,25.0,25,False,True,2.244906793210243,3.915,0.5011318237310571
0.13,S005,B,30.0,30,False,True,2.178298368995217,3.48,0.4554254077511958
0.13,S005,C,80.0,80,False,True,5.29270640424716,6.96,0.338411699469105
0.13,S006,A,25.0,25,False,True,1.3897202893687801,3.915,0.69117326902916
0.13,S006,B,30.0,30,False,True,1.350059878268101,3.48,0.6624850304329748
0.13,S006,C,80.0,80,False,True,3.2533316961756764,6.96,0.5933335379780404
0.13,S007,A,25.0,25,False,True,2.017930455020118,3.915,0.5515710099955293
0.13,S007,B,30.0,30,False,True,1.9597756453456459,3.48,0.5100560886635885
0.13,S007,C,80.0,80,False,True,4.679449163210208,6.96,0.415068854598724
0.13,S008,A,25.0,25,False,True,3.3871984744539185,3.915,0.24728922789912922
0.13,S008,B,30.0,30,False,True,3.2871655445836714,3.48,0.17820861385408215
0.13,S008,C,68.2636871526299,80,True,True,6.96,6.96,0.13
0.13,S009,A,25.0,25,False,True,2.3868506711344857,3.915,0.46958873974789206
0.13,S009,B,30.0,30,False,True,2.3163773915299126,3.48,0.42090565211752184
0.13,S009,C,80.0,80,False,True,5.669496029358593,6.96,0.2913129963301758
0.13,S010,A,25.0,25,False,True,2.0707024146924407,3.915,0.5398439078461243
0.13,S010,B,30.0,30,False,True,2.01101470248853,3.48,0.49724632437786753
0.13,S010,C,80.0,80,False,True,4.858749129052748,6.96,0.39265635886840655
0.13,S011,A,25.0,25,False,True,1.2196111986230465,3.915,0.7289752891948786
0.13,S011,B,30.0,30,False,True,1.1839375412899882,3.48,0.704015614677503
0.13,S011,C,80.0,80,False,True,2.853218920512951,6.96,0.6433476349358811
0.13,S012,A,25.0,25,False,True,3.131205067003246,3.915,0.30417665177705644
0.13,S012,B,30.0,30,False,True,3.0389370613228848,3.48,0.2402657346692788
0.13,S012,C,75.52663499782501,80,True,True,6.960000000000001,6.96,0.1299999999999999
0.13,S013,A,25.0,25,False,True,2.0741334613816913,3.915,0.5390814530262908
0.13,S013,B,30.0,30,False,True,2.0143512763767877,3.48,0.4964121809058031
0.13,S013,C,80.0,80,False,True,4.8914839898345805,6.96,0.38856450127067743
0.13,S014,A,25.0,25,False,True,2.4256925813159116,3.915,0.4609572041520197
0.13,S014,B,30.0,30,False,True,2.355323535517482,3.48,0.41116911612062945
0.13,S014,C,80.0,80,False,True,5.607762247373444,6.96,0.29902971907831954
0.13,S015,A,25.0,25,False,True,2.619252919750836,3.915,0.4179437956109253
0.13,S015,B,30.0,30,False,True,2.544440587539693,3.48,0.3638898531150767
0.13,S015,C,80.0,80,False,True,6.1329877183423225,6.96,0.2333765352072097
0.14,S001,A,25.0,25,False,True,1.3127180160965892,3.87,0.7082848853118691
0.14,S001,B,30.0,30,False,True,1.2739487146258892,3.44,0.6815128213435278
0.14,S001,C,80.0,80,False,True,3.0816969508470407,6.88,0.6147878811441199
0.14,S002,A,25.0,25,False,True,3.0904496148955753,3.87,0.31323341891209433
0.14,S002,B,30.0,30,False,True,2.9987623332803524,3.44,0.2503094166799119
0.14,S002,C,75.1834727847207,80,True,True,6.880000000000001,6.88,0.1399999999999999
0.14,S003,A,25.0,25,False,True,3.1568292282540007,3.87,0.29848239372133323
0.14,S003,B,30.0,30,False,True,3.0644077594681747,3.44,0.23389806013295633
0.14,S003,C,74.72261982201434,80,True,True,6.880000000000001,6.88,0.1399999999999999
0.14,S004,A,25.0,25,False,True,3.266746121100013,3.87,0.27405641753333043
0.14,S004,B,30.0,30,False,True,3.169851801523034,3.44,0.20753704961924146
0.14,S004,C,70.99367976977028,80,True,True,6.879999999999999,6.88,0.14000000000000012
0.14,S005,A,25.0,25,False,True,2.244906793210243,3.87,0.5011318237310571
0.14,S005,B,30.0,30,False,True,2.178298368995217,3.44,0.4554254077511958
0.14,S005,C,80.0,80,False,True,5.29270640424716,6.88,0.338411699469105
0.14,S006,A,25.0,25,False,True,1.3897202893687801,3.87,0.69117326902916
0.14,S006,B,30.0,30,False,True,1.350059878268101,3.44,0.6624850304329748
0.14,S006,C,80.0,80,False,True,3.2533316961756764,6.88,0.5933335379780404
0.14,S007,A,25.0,25,False,True,2.017930455020118,3.87,0.5515710099955293
0.14,S007,B,30.0,30,False,True,1.9597756453456459,3.44,0.5100560886635885
0.14,S007,C,80.0,80,False,True,4.679449163210208,6.88,0.415068854598724
0.14,S008,A,25.0,25,False,True,3.3871984744539185,3.87,0.24728922789912922
0.14,S008,B,30.0,30,False,True,3.2871655445836714,3.44,0.17820861385408215
0.14,S008,C,67.10994311304925,80,True,True,6.879999999999999,6.88,0.14000000000000012
0.14,S009,A,25.0,25,False,True,2.3868506711344857,3.87,0.46958873974789206
0.14,S009,B,30.0,30,False,True,2.3163773915299126,3.44,0.42090565211752184
0.14,S009,C,80.0,80,False,True,5.669496029358593,6.88,0.2913129963301758
0.14,S010,A,25.0,25,False,True,2.0707024146924407,3.87,0.5398439078461243
0.14,S010,B,30.0,30,False,True,2.01101470248853,3.44,0.49724632437786753
0.14,S010,C,80.0,80,False,True,4.858749129052748,6.88,0.39265635886840655
0.14,S011,A,25.0,25,False,True,1.2196111986230465,3.87,0.7289752891948786
0.14,S011,B,30.0,30,False,True,1.1839375412899882,3.44,0.704015614677503
0.14,S011,C,80.0,80,False,True,2.853218920512951,6.88,0.6433476349358811
0.14,S012,A,25.0,25,False,True,3.131205067003246,3.87,0.30417665177705644
0.14,S012,B,30.0,30,False,True,3.0389370613228848,3.44,0.2402657346692788
0.14,S012,C,74.6006107689784,80,True,True,6.880000000000001,6.88,0.1399999999999999
0.14,S013,A,25.0,25,False,True,2.0741334613816913,3.87,0.5390814530262908
0.14,S013,B,30.0,30,False,True,2.0143512763767877,3.44,0.4964121809058031
0.14,S013,C,80.0,80,False,True,4.8914839898345805,6.88,0.38856450127067743
0.14,S014,A,25.0,25,False,True,2.4256925813159116,3.87,0.4609572041520197
0.14,S014,B,30.0,30,False,True,2.355323535517482,3.44,0.41116911612062945
0.14,S014,C,80.0,80,False,True,5.607762247373444,6.88,0.29902971907831954
0.14,S015,A,25.0,25,False,True,2.619252919750836,3.87,0.4179437956109253
0.14,S015,B,30.0,30,False,True,2.544440587539693,3.44,0.3638898531150767
0.14,S015,C,80.0,80,False,True,6.1329877183423225,6.88,0.2333765352072097
0.15,S001,A,25.0,25,False,True,1.3127180160965892,3.8249999999999997,0.7082848853118691
0.15,S001,B,30.0,30,False,True,1.2739487146258892,3.4,0.6815128213435278
0.15,S001,C,80.0,80,False,True,3.0816969508470407,6.8,0.6147878811441199
0.15,S002,A,25.0,25,False,True,3.0904496148955753,3.8249999999999997,0.31323341891209433
0.15,S002,B,30.0,30,False,True,2.9987623332803524,3.4,0.2503094166799119
0.15,S002,C,74.24119050021478,80,True,True,6.800000000000001,6.8,0.1499999999999999
0.15,S003,A,25.0,25,False,True,3.1568292282540007,3.8249999999999997,0.29848239372133323
0.15,S003,B,30.0,30,False,True,3.0644077594681747,3.4,0.23389806013295633
0.15,S003,C,73.75234400706086,80,True,True,6.8,6.8,0.15000000000000002
0.15,S004,A,25.0,25,False,True,3.266746121100013,3.8249999999999997,0.27405641753333043
0.15,S004,B,30.0,30,False,True,3.169851801523034,3.4,0.20753704961924146
0.15,S004,C,69.9133456894552,80,True,True,6.800000000000001,6.8,0.1499999999999999
0.15,S005,A,25.0,25,False,True,2.244906793210243,3.8249999999999997,0.5011318237310571
0.15,S005,B,30.0,30,False,True,2.178298368995217,3.4,0.4554254077511958
0.15,S005,C,80.0,80,False,True,5.29270640424716,6.8,0.338411699469105
0.15,S006,A,25.0,25,False,True,1.3897202893687801,3.8249999999999997,0.69117326902916
0.15,S006,B,30.0,30,False,True,1.350059878268101,3.4,0.6624850304329748
0.15,S006,C,80.0,80,False,True,3.2533316961756764,6.8,0.5933335379780404
0.15,S007,A,25.0,25,False,True,2.017930455020118,3.8249999999999997,0.5515710099955293
0.15,S007,B,30.0,30,False,True,1.9597756453456459,3.4,0.5100560886635885
0.15,S007,C,80.0,80,False,True,4.679449163210208,6.8,0.415068854598724
0.15,S008,A,25.0,25,False,True,3.3871984744539185,3.8249999999999997,0.24728922789912922
0.15,S008,B,30.0,30,False,True,3.2871655445836714,3.4,0.17820861385408215
0.15,S008,C,65.90262291846607,80,True,True,6.799999999999996,6.8,0.15000000000000047
0.15,S009,A,25.0,25,False,True,2.3868506711344857,3.8249999999999997,0.46958873974789206
0.15,S009,B,30.0,30,False,True,2.3163773915299126,3.4,0.42090565211752184
0.15,S009,C,80.0,80,False,True,5.669496029358593,6.8,0.2913129963301758
0.15,S010,A,25.0,25,False,True,2.0707024146924407,3.8249999999999997,0.5398439078461243
0.15,S010,B,30.0,30,False,True,2.01101470248853,3.4,0.49724632437786753
0.15,S010,C,80.0,80,False,True,4.858749129052748,6.8,0.39265635886840655
0.15,S011,A,25.0,25,False,True,1.2196111986230465,3.8249999999999997,0.7289752891948786
0.15,S011,B,30.0,30,False,True,1.1839375412899882,3.4,0.704015614677503
0.15,S011,C,80.0,80,False,True,2.853218920512951,6.8,0.6433476349358811
0.15,S012,A,25.0,25,False,True,3.131205067003246,3.8249999999999997,0.30417665177705644
0.15,S012,B,30.0,30,False,True,3.0389370613228848,3.4,0.2402657346692788
0.15,S012,C,73.63526490068483,80,True,True,6.8,6.8,0.15000000000000002
0.15,S013,A,25.0,25,False,True,2.0741334613816913,3.8249999999999997,0.5390814530262908
0.15,S013,B,30.0,30,False,True,2.0143512763767877,3.4,0.4964121809058031
0.15,S013,C,80.0,80,False,True,4.8914839898345805,6.8,0.38856450127067743
0.15,S014,A,25.0,25,False,True,2.4256925813159116,3.8249999999999997,0.4609572041520197
0.15,S014,B,30.0,30,False,True,2.355323535517482,3.4,0.41116911612062945
0.15,S014,C,80.0,80,False,True,5.607762247373444,6.8,0.29902971907831954
0.15,S015,A,25.0,25,False,True,2.619252919750836,3.8249999999999997,0.4179437956109253
0.15,S015,B,30.0,30,False,True,2.544440587539693,3.4,0.3638898531150767
0.15,S015,C,80.0,80,False,True,6.1329877183423225,6.8,0.2333765352072097
0.16,S001,A,25.0,25,False,True,1.3127180160965892,3.78,0.7082848853118691
0.16,S001,B,30.0,30,False,True,1.2739487146258892,3.36,0.6815128213435278
0.16,S001,C,80.0,80,False,True,3.0816969508470407,6.72,0.6147878811441199
0.16,S002,A,25.0,25,False,True,3.0904496148955753,3.78,0.31323341891209433
0.16,S002,B,30.0,30,False,True,2.9987623332803524,3.36,0.2503094166799119
0.16,S002,C,73.25826916268198,80,True,True,6.719999999999999,6.72,0.16000000000000014
0.16,S003,A,25.0,25,False,True,3.1568292282540007,3.78,0.29848239372133323
0.16,S003,B,30.0,30,False,True,3.0644077594681747,3.36,0.23389806013295633
0.16,S003,C,72.739893087875,80,True,True,6.720000000000001,6.72,0.15999999999999992
0.16,S004,A,25.0,25,False,True,3.266746121100013,3.78,0.27405641753333043
0.16,S004,B,30.0,30,False,True,3.169851801523034,3.36,0.20753704961924146
0.16,S004,C,68.78386406635704,80,True,True,6.72,6.72,0.16000000000000003
0.16,S005,A,25.0,25,False,True,2.244906793210243,3.78,0.5011318237310571
0.16,S005,B,30.0,30,False,True,2.178298368995217,3.36,0.4554254077511958
0.16,S005,C,80.0,80,False,True,5.29270640424716,6.72,0.338411699469105
0.16,S006,A,25.0,25,False,True,1.3897202893687801,3.78,0.69117326902916
0.16,S006,B,30.0,30,False,True,1.350059878268101,3.36,0.6624850304329748
0.16,S006,C,80.0,80,False,True,3.2533316961756764,6.72,0.5933335379780404
0.16,S007,A,25.0,25,False,True,2.017930455020118,3.78,0.5515710099955293
0.16,S007,B,30.0,30,False,True,1.9597756453456459,3.36,0.5100560886635885
0.16,S007,C,80.0,80,False,True,4.679449163210208,6.72,0.415068854598724
0.16,S008,A,25.0,25,False,True,3.3871984744539185,3.78,0.24728922789912922
0.16,S008,B,30.0,30,False,True,3.2871655445836714,3.36,0.17820861385408215
0.16,S008,C,64.63770087370634,80,True,True,6.719999999999986,6.72,0.1600000000000017
0.16,S009,A,25.0,25,False,True,2.3868506711344857,3.78,0.46958873974789206
0.16,S009,B,30.0,30,False,True,2.3163773915299126,3.36,0.42090565211752184
0.16,S009,C,80.0,80,False,True,5.669496029358593,6.72,0.2913129963301758
0.16,S010,A,25.0,25,False,True,2.0707024146924407,3.78,0.5398439078461243
0.16,S010,B,30.0,30,False,True,2.01101470248853,3.36,0.49724632437786753
0.16,S010,C,80.0,80,False,True,4.858749129052748,6.72,0.39265635886840655
0.16,S011,A,25.0,25,False,True,1.2196111986230465,3.78,0.7289752891948786
0.16,S011,B,30.0,30,False,True,1.1839375412899882,3.36,0.704015614677503
0.16,S011,C,80.0,80,False,True,2.853218920512951,6.72,0.6433476349358811
0.16,S012,A,25.0,25,False,True,3.131205067003246,3.78,0.30417665177705644
0.16,S012,B,30.0,30,False,True,3.0389370613228848,3.36,0.2402657346692788
0.16,S012,C,72.62796675761432,80,True,True,6.719999999999999,6.72,0.16000000000000014
0.16,S013,A,25.0,25,False,True,2.0741334613816913,3.78,0.5390814530262908
0.16,S013,B,30.0,30,False,True,2.0143512763767877,3.36,0.4964121809058031
0.16,S013,C,80.0,80,False,True,4.8914839898345805,6.72,0.38856450127067743
0.16,S014,A,25.0,25,False,True,2.4256925813159116,3.78,0.4609572041520197
0.16,S014,B,30.0,30,False,True,2.355323535517482,3.36,0.41116911612062945
0.16,S014,C,80.0,80,False,True,5.607762247373444,6.72,0.29902971907831954
0.16,S015,A,25.0,25,False,True,2.619252919750836,3.78,0.4179437956109253
0.16,S015,B,30.0,30,False,True,2.544440587539693,3.36,0.3638898531150767
0.16,S015,C,80.0,80,False,True,6.1329877183423225,6.72,0.2333765352072097
0.17,S001,A,25.0,25,False,True,1.3127180160965892,3.735,0.7082848853118691
0.17,S001,B,30.0,30,False,True,1.2739487146258892,3.32,0.6815128213435278
0.17,S001,C,80.0,80,False,True,3.0816969508470407,6.64,0.6147878811441199
0.17,S002,A,25.0,25,False,True,3.0904496148955753,3.735,0.31323341891209433
0.17,S002,B,30.0,30,False,True,2.9987623332803524,3.32,0.2503094166799119
0.17,S002,C,72.23193055547249,80,True,True,6.640000000000001,6.64,0.16999999999999993
0.17,S003,A,25.0,25,False,True,3.1568292282540007,3.735,0.29848239372133323
0.17,S003,B,30.0,30,False,True,3.0644077594681747,3.32,0.23389806013295633
0.17,S003,C,71.68239333526444,80,True,True,6.639999999999999,6.64,0.17000000000000015
0.17,S004,A,25.0,25,False,True,3.266746121100013,3.735,0.27405641753333043
0.17,S004,B,30.0,30,False,True,3.169851801523034,3.32,0.20753704961924146
0.17,S004,C,67.60165905892033,80,True,True,6.64,6.64,0.17000000000000004
0.17,S005,A,25.0,25,False,True,2.244906793210243,3.735,0.5011318237310571
0.17,S005,B,30.0,30,False,True,2.178298368995217,3.32,0.4554254077511958
0.17,S005,C,80.0,80,False,True,5.29270640424716,6.64,0.338411699469105
0.17,S006,A,25.0,25,False,True,1.3897202893687801,3.735,0.69117326902916
0.17,S006,B,30.0,30,False,True,1.350059878268101,3.32,0.6624850304329748
0.17,S006,C,80.0,80,False,True,3.2533316961756764,6.64,0.5933335379780404
0.17,S007,A,25.0,25,False,True,2.017930455020118,3.735,0.5515710099955293
0.17,S007,B,30.0,30,False,True,1.9597756453456459,3.32,0.5100560886635885
0.17,S007,C,80.0,80,False,True,4.679449163210208,6.64,0.415068854598724
0.17,S008,A,25.0,25,False,True,3.3871984744539185,3.735,0.24728922789912922
0.17,S008,B,30.0,30,False,True,3.2871655445836714,3.32,0.17820861385408215
0.17,S008,C,63.3107066319385,80,True,True,6.64,6.64,0.17000000000000004
0.17,S009,A,25.0,25,False,True,2.3868506711344857,3.735,0.46958873974789206
0.17,S009,B,30.0,30,False,True,2.3163773915299126,3.32,0.42090565211752184
0.17,S009,C,80.0,80,False,True,5.669496029358593,6.64,0.2913129963301758
0.17,S010,A,25.0,25,False,True,2.0707024146924407,3.735,0.5398439078461243
0.17,S010,B,30.0,30,False,True,2.01101470248853,3.32,0.49724632437786753
0.17,S010,C,80.0,80,False,True,4.858749129052748,6.64,0.39265635886840655
0.17,S011,A,25.0,25,False,True,1.2196111986230465,3.735,0.7289752891948786
0.17,S011,B,30.0,30,False,True,1.1839375412899882,3.32,0.704015614677503
0.17,S011,C,80.0,80,False,True,2.853218920512951,6.64,0.6433476349358811
0.17,S012,A,25.0,25,False,True,3.131205067003246,3.735,0.30417665177705644
0.17,S012,B,30.0,30,False,True,3.0389370613228848,3.32,0.2402657346692788
0.17,S012,C,71.57583609984222,80,True,True,6.64,6.64,0.17000000000000004
0.17,S013,A,25.0,25,False,True,2.0741334613816913,3.735,0.5390814530262908
0.17,S013,B,30.0,30,False,True,2.0143512763767877,3.32,0.4964121809058031
0.17,S013,C,80.0,80,False,True,4.8914839898345805,6.64,0.38856450127067743
0.17,S014,A,25.0,25,False,True,2.4256925813159116,3.735,0.4609572041520197
0.17,S014,B,30.0,30,False,True,2.355323535517482,3.32,0.41116911612062945
0.17,S014,C,80.0,80,False,True,5.607762247373444,6.64,0.29902971907831954
0.17,S015,A,25.0,25,False,True,2.619252919750836,3.735,0.4179437956109253
0.17,S015,B,30.0,30,False,True,2.544440587539693,3.32,0.3638898531150767
0.17,S015,C,80.0,80,False,True,6.1329877183423225,6.64,0.2333765352072097
0.18,S001,A,25.0,25,False,True,1.3127180160965892,3.6900000000000004,0.7082848853118691
0.18,S001,B,30.0,30,False,True,1.2739487146258892,3.2800000000000002,0.6815128213435278
0.18,S001,C,80.0,80,False,True,3.0816969508470407,6.5600000000000005,0.6147878811441199
0.18,S002,A,25.0,25,False,True,3.0904496148955753,3.6900000000000004,0.31323341891209433
0.18,S002,B,30.0,30,False,True,2.9987623332803524,3.2800000000000002,0.2503094166799119
0.18,S002,C,71.15912545969442,80,True,True,6.5600000000000005,6.5600000000000005,0.17999999999999994
0.18,S003,A,25.0,25,False,True,3.1568292282540007,3.6900000000000004,0.29848239372133323
0.18,S003,B,30.0,30,False,True,3.0644077594681747,3.2800000000000002,0.23389806013295633
0.18,S003,C,70.57669424709633,80,True,True,6.5600000000000005,6.5600000000000005,0.17999999999999994
0.18,S004,A,25.0,25,False,True,3.266746121100013,3.6900000000000004,0.27405641753333043
0.18,S004,B,30.0,30,False,True,3.169851801523034,3.2800000000000002,0.20753704961924146
0.18,S004,C,66.36277815693315,80,True,True,6.559999999999999,6.5600000000000005,0.18000000000000016
0.18,S005,A,25.0,25,False,True,2.244906793210243,3.6900000000000004,0.5011318237310571
0.18,S005,B,30.0,30,False,True,2.178298368995217,3.2800000000000002,0.4554254077511958
0.18,S005,C,80.0,80,False,True,5.29270640424716,6.5600000000000005,0.338411699469105
0.18,S006,A,25.0,25,False,True,1.3897202893687801,3.6900000000000004,0.69117326902916
0.18,S006,B,30.0,30,False,True,1.350059878268101,3.2800000000000002,0.6624850304329748
0.18,S006,C,80.0,80,False,True,3.2533316961756764,6.5600000000000005,0.5933335379780404
0.18,S007,A,25.0,25,False,True,2.017930455020118,3.6900000000000004,0.5515710099955293
0.18,S007,B,30.0,30,False,True,1.9597756453456459,3.2800000000000002,0.5100560886635885
0.18,S007,C,80.0,80,False,True,4.679449163210208,6.5600000000000005,0.415068854598724
0.18,S008,A,25.0,25,False,True,3.3871984744539185,3.6900000000000004,0.24728922789912922
0.18,S008,B,29.906141941569704,30,True,True,3.2799999999999754,3.2800000000000002,0.18000000000000616
0.18,S008,C,61.916656150335044,80,True,True,6.5600000000000005,6.5600000000000005,0.17999999999999994
0.18,S009,A,25.0,25,False,True,2.3868506711344857,3.6900000000000004,0.46958873974789206
0.18,S009,B,30.0,30,False,True,2.3163773915299126,3.2800000000000002,0.42090565211752184
0.18,S009,C,80.0,80,False,True,5.669496029358593,6.5600000000000005,0.2913129963301758
0.18,S010,A,25.0,25,False,True,2.0707024146924407,3.6900000000000004,0.5398439078461243
0.18,S010,B,30.0,30,False,True,2.01101470248853,3.2800000000000002,0.49724632437786753
0.18,S010,C,80.0,80,False,True,4.858749129052748,6.5600000000000005,0.39265635886840655
0.18,S011,A,25.0,25,False,True,1.2196111986230465,3.6900000000000004,0.7289752891948786
0.18,S011,B,30.0,30,False,True,1.1839375412899882,3.2800000000000002,0.704015614677503
0.18,S011,C,80.0,80,False,True,2.853218920512951,6.5600000000000005,0.6433476349358811
0.18,S012,A,25.0,25,False,True,3.131205067003246,3.6900000000000004,0.30417665177705644
0.18,S012,B,30.0,30,False,True,3.0389370613228848,3.2800000000000002,0.2402657346692788
0.18,S012,C,70.47571115246433,80,True,True,6.56,6.5600000000000005,0.18000000000000005
0.18,S013,A,25.0,25,False,True,2.0741334613816913,3.6900000000000004,0.5390814530262908
0.18,S013,B,30.0,30,False,True,2.0143512763767877,3.2800000000000002,0.4964121809058031
0.18,S013,C,80.0,80,False,True,4.8914839898345805,6.5600000000000005,0.38856450127067743
0.18,S014,A,25.0,25,False,True,2.4256925813159116,3.6900000000000004,0.4609572041520197
0.18,S014,B,30.0,30,False,True,2.355323535517482,3.2800000000000002,0.41116911612062945
0.18,S014,C,80.0,80,False,True,5.607762247373444,6.5600000000000005,0.29902971907831954
0.18,S015,A,25.0,25,False,True,2.619252919750836,3.6900000000000004,0.4179437956109253
0.18,S015,B,30.0,30,False,True,2.544440587539693,3.2800000000000002,0.3638898531150767
0.18,S015,C,80.0,80,False,True,6.1329877183423225,6.5600000000000005,0.2333765352072097
0.19,S001,A,25.0,25,False,True,1.3127180160965892,3.6450000000000005,0.7082848853118691
0.19,S001,B,30.0,30,False,True,1.2739487146258892,3.24,0.6815128213435278
0.19,S001,C,80.0,80,False,True,3.0816969508470407,6.48,0.6147878811441199
0.19,S002,A,25.0,25,False,True,3.0904496148955753,3.6450000000000005,0.31323341891209433
0.19,S002,B,30.0,30,False,True,2.9987623332803524,3.24,0.2503094166799119
0.19,S002,C,70.03649782637986,80,True,True,6.4799999999999995,6.48,0.19000000000000006
0.19,S003,A,25.0,25,False,True,3.1568292282540007,3.6450000000000005,0.29848239372133323
0.19,S003,B,30.0,30,False,True,3.0644077594681747,3.24,0.23389806013295633
0.19,S003,C,69.41933263029232,80,True,True,6.48,6.48,0.18999999999999995
0.19,S004,A,25.0,25,False,True,3.266746121100013,3.6450000000000005,0.27405641753333043
0.19,S004,B,30.0,30,False,True,3.169851801523034,3.24,0.20753704961924146
0.19,S004,C,65.06283733292406,80,True,True,6.479999999999994,6.48,0.19000000000000072
0.19,S005,A,25.0,25,False,True,2.244906793210243,3.6450000000000005,0.5011318237310571
0.19,S005,B,30.0,30,False,True,2.178298368995217,3.24,0.4554254077511958
0.19,S005,C,80.0,80,False,True,5.29270640424716,6.48,0.338411699469105
0.19,S006,A,25.0,25,False,True,1.3897202893687801,3.6450000000000005,0.69117326902916
0.19,S006,B,30.0,30,False,True,1.350059878268101,3.24,0.6624850304329748
0.19,S006,C,80.0,80,False,True,3.2533316961756764,6.48,0.5933335379780404
0.19,S007,A,25.0,25,False,True,2.017930455020118,3.6450000000000005,0.5515710099955293
0.19,S007,B,30.0,30,False,True,1.9597756453456459,3.24,0.5100560886635885
0.19,S007,C,80.0,80,False,True,4.679449163210208,6.48,0.415068854598724
0.19,S008,A,25.0,25,False,True,3.3871984744539185,3.6450000000000005,0.24728922789912922
0.19,S008,B,29.36716622412577,30,True,True,3.24,3.24,0.18999999999999995
0.19,S008,C,60.44996800760856,80,True,True,6.4799999999999995,6.48,0.19000000000000006
0.19,S009,A,25.0,25,False,True,2.3868506711344857,3.6450000000000005,0.46958873974789206
0.19,S009,B,30.0,30,False,True,2.3163773915299126,3.24,0.42090565211752184
0.19,S009,C,80.0,80,False,True,5.669496029358593,6.48,0.2913129963301758
0.19,S010,A,25.0,25,False,True,2.0707024146924407,3.6450000000000005,0.5398439078461243
0.19,S010,B,30.0,30,False,True,2.01101470248853,3.24,0.49724632437786753
0.19,S010,C,80.0,80,False,True,4.858749129052748,6.48,0.39265635886840655
0.19,S011,A,25.0,25,False,True,1.2196111986230465,3.6450000000000005,0.7289752891948786
0.19,S011,B,30.0,30,False,True,1.1839375412899882,3.24,0.704015614677503
0.19,S011,C,80.0,80,False,True,2.853218920512951,6.48,0.6433476349358811
0.19,S012,A,25.0,25,False,True,3.131205067003246,3.6450000000000005,0.30417665177705644
0.19,S012,B,30.0,30,False,True,3.0389370613228848,3.24,0.2402657346692788
0.19,S012,C,69.32411132146429,80,True,True,6.48,6.48,0.18999999999999995
0.19,S013,A,25.0,25,False,True,2.0741334613816913,3.6450000000000005,0.5390814530262908
0.19,S013,B,30.0,30,False,True,2.0143512763767877,3.24,0.4964121809058031
0.19,S013,C,80.0,80,False,True,4.8914839898345805,6.48,0.38856450127067743
0.19,S014,A,25.0,25,False,True,2.4256925813159116,3.6450000000000005,0.4609572041520197
0.19,S014,B,30.0,30,False,True,2.355323535517482,3.24,0.41116911612062945
0.19,S014,C,80.0,80,False,True,5.607762247373444,6.48,0.29902971907831954
0.19,S015,A,25.0,25,False,True,2.619252919750836,3.6450000000000005,0.4179437956109253
0.19,S015,B,30.0,30,False,True,2.544440587539693,3.24,0.3638898531150767
0.19,S015,C,80.0,80,False,True,6.1329877183423225,6.48,0.2333765352072097
0.2,S001,A,25.0,25,False,True,1.3127180160965892,3.6,0.7082848853118691
0.2,S001,B,30.0,30,False,True,1.2739487146258892,3.2,0.6815128213435278
0.2,S001,C,80.0,80,False,True,3.0816969508470407,6.4,0.6147878811441199
0.2,S002,A,25.0,25,False,True,3.0904496148955753,3.6,0.31323341891209433
0.2,S002,B,30.0,30,False,True,2.9987623332803524,3.2,0.2503094166799119
0.2,S002,C,68.86034271750398,80,True,True,6.400000000000001,6.4,0.19999999999999984
0.2,S003,A,25.0,25,False,True,3.1568292282540007,3.6,0.29848239372133323
0.2,S003,B,30.0,30,False,True,3.0644077594681747,3.2,0.23389806013295633
0.2,S003,C,68.20649055517829,80,True,True,6.400000000000001,6.4,0.19999999999999984
0.2,S004,A,25.0,25,False,True,3.266746121100013,3.6,0.27405641753333043
0.2,S004,B,30.0,30,False,True,3.169851801523034,3.2,0.20753704961924146
0.2,S004,C,63.69695545112762,80,True,True,6.400000000000019,6.4,0.19999999999999762
0.2,S005,A,25.0,25,False,True,2.244906793210243,3.6,0.5011318237310571
0.2,S005,B,30.0,30,False,True,2.178298368995217,3.2,0.4554254077511958
0.2,S005,C,80.0,80,False,True,5.29270640424716,6.4,0.338411699469105
0.2,S006,A,25.0,25,False,True,1.3897202893687801,3.6,0.69117326902916
0.2,S006,B,30.0,30,False,True,1.350059878268101,3.2,0.6624850304329748
0.2,S006,C,80.0,80,False,True,3.2533316961756764,6.4,0.5933335379780404
0.2,S007,A,25.0,25,False,True,2.017930455020118,3.6,0.5515710099955293
0.2,S007,B,30.0,30,False,True,1.9597756453456459,3.2,0.5100560886635885
0.2,S007,C,80.0,80,False,True,4.679449163210208,6.4,0.415068854598724
0.2,S008,A,25.0,25,False,True,3.3871984744539185,3.6,0.24728922789912922
0.2,S008,B,28.80123362327093,30,True,True,3.2,3.2,0.19999999999999996
0.2,S008,C,58.90436096313246,80,True,True,6.399999999999991,6.4,0.20000000000000118
0.2,S009,A,25.0,25,False,True,2.3868506711344857,3.6,0.46958873974789206
0.2,S009,B,30.0,30,False,True,2.3163773915299126,3.2,0.42090565211752184
0.2,S009,C,80.0,80,False,True,5.669496029358593,6.4,0.2913129963301758
0.2,S010,A,25.0,25,False,True,2.0707024146924407,3.6,0.5398439078461243
0.2,S010,B,30.0,30,False,True,2.01101470248853,3.2,0.49724632437786753
0.2,S010,C,80.0,80,False,True,4.858749129052748,6.4,0.39265635886840655
0.2,S011,A,25.0,25,False,True,1.2196111986230465,3.6,0.7289752891948786
0.2,S011,B,30.0,30,False,True,1.1839375412899882,3.2,0.704015614677503
0.2,S011,C,80.0,80,False,True,2.853218920512951,6.4,0.6433476349358811
0.2,S012,A,25.0,25,False,True,3.131205067003246,3.6,0.30417665177705644
0.2,S012,B,30.0,30,False,True,3.0389370613228848,3.2,0.2402657346692788
0.2,S012,C,68.11719340245506,80,True,True,6.4,6.4,0.19999999999999996
0.2,S013,A,25.0,25,False,True,2.0741334613816913,3.6,0.5390814530262908
0.2,S013,B,30.0,30,False,True,2.0143512763767877,3.2,0.4964121809058031
0.2,S013,C,80.0,80,False,True,4.8914839898345805,6.4,0.38856450127067743
0.2,S014,A,25.0,25,False,True,2.4256925813159116,3.6,0.4609572041520197
0.2,S014,B,30.0,30,False,True,2.355323535517482,3.2,0.41116911612062945
0.2,S014,C,80.0,80,False,True,5.607762247373444,6.4,0.29902971907831954
0.2,S015,A,25.0,25,False,True,2.619252919750836,3.6,0.4179437956109253
0.2,S015,B,30.0,30,False,True,2.544440587539693,3.2,0.3638898531150767
0.2,S015,C,80.0,80,False,True,6.1329877183423225,6.4,0.2333765352072097
0.21,S001,A,25.0,25,False,True,1.3127180160965892,3.555,0.7082848853118691
0.21,S001,B,30.0,30,False,True,1.2739487146258892,3.16,0.6815128213435278
0.21,S001,C,80.0,80,False,True,3.0816969508470407,6.32,0.6147878811441199
0.21,S002,A,25.0,25,False,True,3.0904496148955753,3.555,0.31323341891209433
0.21,S002,B,30.0,30,False,True,2.9987623332803524,3.16,0.2503094166799119
0.21,S002,C,67.62655662097046,80,True,True,6.319999999999999,6.32,0.21000000000000008
0.21,S003,A,25.0,25,False,True,3.1568292282540007,3.555,0.29848239372133323
0.21,S003,B,30.0,30,False,True,3.0644077594681747,3.16,0.23389806013295633
0.21,S003,C,66.93394583094876,80,True,True,6.319999999999999,6.32,0.21000000000000008
0.21,S004,A,25.0,25,False,True,3.266746121100013,3.555,0.27405641753333043
0.21,S004,B,29.864865814171758,30,True,True,3.1599999999999997,3.16,0.21000000000000008
0.21,S004,C,62.25967517000738,80,True,True,6.32,6.32,0.20999999999999996
0.21,S005,A,25.0,25,False,True,2.244906793210243,3.555,0.5011318237310571
0.21,S005,B,30.0,30,False,True,2.178298368995217,3.16,0.4554254077511958
0.21,S005,C,80.0,80,False,True,5.29270640424716,6.32,0.338411699469105
0.21,S006,A,25.0,25,False,True,1.3897202893687801,3.555,0.69117326902916
0.21,S006,B,30.0,30,False,True,1.350059878268101,3.16,0.6624850304329748
0.21,S006,C,80.0,80,False,True,3.2533316961756764,6.32,0.5933335379780404
0.21,S007,A,25.0,25,False,True,2.017930455020118,3.555,0.5515710099955293
0.21,S007,B,30.0,30,False,True,1.9597756453456459,3.16,0.5100560886635885
0.21,S007,C,80.0,80,False,True,4.679449163210208,6.32,0.415068854598724
0.21,S008,A,25.0,25,False,True,3.3871984744539185,3.555,0.24728922789912922
0.21,S008,B,28.206156885314847,30,True,True,3.1599999999999997,3.16,0.21000000000000008
0.21,S008,C,57.272727141528854,80,True,True,6.320000000000001,6.32,0.20999999999999985
0.21,S009,A,25.0,25,False,True,2.3868506711344857,3.555,0.46958873974789206
0.21,S009,B,30.0,30,False,True,2.3163773915299126,3.16,0.42090565211752184
0.21,S009,C,80.0,80,False,True,5.669496029358593,6.32,0.2913129963301758
0.21,S010,A,25.0,25,False,True,2.0707024146924407,3.555,0.5398439078461243
0.21,S010,B,30.0,30,False,True,2.01101470248853,3.16,0.49724632437786753
0.21,S010,C,80.0,80,False,True,4.858749129052748,6.32,0.39265635886840655
0.21,S011,A,25.0,25,False,True,1.2196111986230465,3.555,0.7289752891948786
0.21,S011,B,30.0,30,False,True,1.1839375412899882,3.16,0.704015614677503
0.21,S011,C,80.0,80,False,True,2.853218920512951,6.32,0.6433476349358811
0.21,S012,A,25.0,25,False,True,3.131205067003246,3.555,0.30417665177705644
0.21,S012,B,30.0,30,False,True,3.0389370613228848,3.16,0.2402657346692788
0.21,S012,C,66.85069981550303,80,True,True,6.32,6.32,0.20999999999999996
0.21,S013,A,25.0,25,False,True,2.0741334613816913,3.555,0.5390814530262908
0.21,S013,B,30.0,30,False,True,2.0143512763767877,3.16,0.4964121809058031
0.21,S013,C,80.0,80,False,True,4.8914839898345805,6.32,0.38856450127067743
0.21,S014,A,25.0,25,False,True,2.4256925813159116,3.555,0.4609572041520197
0.21,S014,B,30.0,30,False,True,2.355323535517482,3.16,0.41116911612062945
0.21,S014,C,80.0,80,False,True,5.607762247373444,6.32,0.29902971907831954
0.21,S015,A,25.0,25,False,True,2.619252919750836,3.555,0.4179437956109253
0.21,S015,B,30.0,30,False,True,2.544440587539693,3.16,0.3638898531150767
0.21,S015,C,80.0,80,False,True,6.1329877183423225,6.32,0.2333765352072097
0.22,S001,A,25.0,25,False,True,1.3127180160965892,3.5100000000000002,0.7082848853118691
0.22,S001,B,30.0,30,False,True,1.2739487146258892,3.12,0.6815128213435278
0.22,S001,C,80.0,80,False,True,3.0816969508470407,6.24,0.6147878811441199
0.22,S002,A,25.0,25,False,True,3.0904496148955753,3.5100000000000002,0.31323341891209433
0.22,S002,B,30.0,30,False,True,2.9987623332803524,3.12,0.2503094166799119
0.22,S002,C,66.33057835071556,80,True,True,6.239999999999998,6.24,0.2200000000000002
0.22,S003,A,25.0,25,False,True,3.1568292282540007,3.5100000000000002,0.29848239372133323
0.22,S003,B,30.0,30,False,True,3.0644077594681747,3.12,0.23389806013295633
0.22,S003,C,65.59701327246007,80,True,True,6.239999999999999,6.24,0.22000000000000008
0.22,S004,A,25.0,25,False,True,3.266746121100013,3.5100000000000002,0.27405641753333043
0.22,S004,B,29.298782357232657,30,True,True,3.1199999999999997,3.12,0.22000000000000008
0.22,S004,C,60.74486666275407,80,True,True,6.24,6.24,0.21999999999999997
0.22,S005,A,25.0,25,False,True,2.244906793210243,3.5100000000000002,0.5011318237310571
0.22,S005,B,30.0,30,False,True,2.178298368995217,3.12,0.4554254077511958
0.22,S005,C,80.0,80,False,True,5.29270640424716,6.24,0.338411699469105
0.22,S006,A,25.0,25,False,True,1.3897202893687801,3.5100000000000002,0.69117326902916
0.22,S006,B,30.0,30,False,True,1.350059878268101,3.12,0.6624850304329748
0.22,S006,C,80.0,80,False,True,3.2533316961756764,6.24,0.5933335379780404
0.22,S007,A,25.0,25,False,True,2.017930455020118,3.5100000000000002,0.5515710099955293
0.22,S007,B,30.0,30,False,True,1.9597756453456459,3.12,0.5100560886635885
0.22,S007,C,80.0,80,False,True,4.679449163210208,6.24,0.415068854598724
0.22,S008,A,25.0,25,False,True,3.3871984744539185,3.5100000000000002,0.24728922789912922
0.22,S008,B,27.57948708882189,30,True,True,3.1199999999999934,3.12,0.22000000000000164
0.22,S008,C,55.54697304857052,80,True,True,6.239999999999998,6.24,0.2200000000000002
0.22,S009,A,25.0,25,False,True,2.3868506711344857,3.5100000000000002,0.46958873974789206
0.22,S009,B,30.0,30,False,True,2.3163773915299126,3.12,0.42090565211752184
0.22,S009,C,80.0,80,False,True,5.669496029358593,6.24,0.2913129963301758
0.22,S010,A,25.0,25,False,True,2.0707024146924407,3.5100000000000002,0.5398439078461243
0.22,S010,B,30.0,30,False,True,2.01101470248853,3.12,0.49724632437786753
0.22,S010,C,80.0,80,False,True,4.858749129052748,6.24,0.39265635886840655
0.22,S011,A,25.0,25,False,True,1.2196111986230465,3.5100000000000002,0.7289752891948786
0.22,S011,B,30.0,30,False,True,1.1839375412899882,3.12,0.704015614677503
0.22,S011,C,80.0,80,False,True,2.853218920512951,6.24,0.6433476349358811
0.22,S012,A,25.0,25,False,True,3.131205067003246,3.5100000000000002,0.30417665177705644
0.22,S012,B,30.0,30,False,True,3.0389370613228848,3.12,0.2402657346692788
0.22,S012,C,65.51989698043549,80,True,True,6.239999999999997,6.24,0.22000000000000042
0.22,S013,A,25.0,25,False,True,2.0741334613816913,3.5100000000000002,0.5390814530262908
0.22,S013,B,30.0,30,False,True,2.0143512763767877,3.12,0.4964121809058031
0.22,S013,C,80.0,80,False,True,4.8914839898345805,6.24,0.38856450127067743
0.22,S014,A,25.0,25,False,True,2.4256925813159116,3.5100000000000002,0.4609572041520197
0.22,S014,B,30.0,30,False,True,2.355323535517482,3.12,0.41116911612062945
0.22,S014,C,80.0,80,False,True,5.607762247373444,6.24,0.29902971907831954
0.22,S015,A,25.0,25,False,True,2.619252919750836,3.5100000000000002,0.4179437956109253
0.22,S015,B,30.0,30,False,True,2.544440587539693,3.12,0.3638898531150767
0.22,S015,C,80.0,80,False,True,6.1329877183423225,6.24,0.2333765352072097
0.23,S001,A,25.0,25,False,True,1.3127180160965892,3.465,0.7082848853118691
0.23,S001,B,30.0,30,False,True,1.2739487146258892,3.08,0.6815128213435278
0.23,S001,C,80.0,80,False,True,3.0816969508470407,6.16,0.6147878811441199
0.23,S002,A,25.0,25,False,True,3.0904496148955753,3.465,0.31323341891209433
0.23,S002,B,30.0,30,False,True,2.9987623332803524,3.08,0.2503094166799119
0.23,S002,C,64.96731821146601,80,True,True,6.15999999999999,6.16,0.2300000000000012
0.23,S003,A,25.0,25,False,True,3.1568292282540007,3.465,0.29848239372133323
0.23,S003,B,30.0,30,False,True,3.0644077594681747,3.08,0.23389806013295633
0.23,S003,C,64.19047451792726,80,True,True,6.159999999999992,6.16,0.23000000000000098
0.23,S004,A,25.0,25,False,True,3.266746121100013,3.465,0.27405641753333043
0.23,S004,B,28.703030532606956,30,True,True,3.08,3.08,0.22999999999999998
0.23,S004,C,59.145609192397686,80,True,True,6.159999999999995,6.16,0.23000000000000065
0.23,S005,A,25.0,25,False,True,2.244906793210243,3.465,0.5011318237310571
0.23,S005,B,30.0,30,False,True,2.178298368995217,3.08,0.4554254077511958
0.23,S005,C,80.0,80,False,True,5.29270640424716,6.16,0.338411699469105
0.23,S006,A,25.0,25,False,True,1.3897202893687801,3.465,0.69117326902916
0.23,S006,B,30.0,30,False,True,1.350059878268101,3.08,0.6624850304329748
0.23,S006,C,80.0,80,False,True,3.2533316961756764,6.16,0.5933335379780404
0.23,S007,A,25.0,25,False,True,2.017930455020118,3.465,0.5515710099955293
0.23,S007,B,30.0,30,False,True,1.9597756453456459,3.08,0.5100560886635885
0.23,S007,C,80.0,80,False,True,4.679449163210208,6.16,0.415068854598724
0.23,S008,A,25.0,25,False,True,3.3871984744539185,3.465,0.24728922789912922
0.23,S008,B,26.918469475384175,30,True,True,3.0799999999999996,3.08,0.2300000000000001
0.23,S008,C,53.71781738122837,80,True,True,6.16,6.16,0.22999999999999998
0.23,S009,A,25.0,25,False,True,2.3868506711344857,3.465,0.46958873974789206
0.23,S009,B,30.0,30,False,True,2.3163773915299126,3.08,0.42090565211752184
0.23,S009,C,80.0,80,False,True,5.669496029358593,6.16,0.2913129963301758
0.23,S010,A,25.0,25,False,True,2.0707024146924407,3.465,0.5398439078461243
0.23,S010,B,30.0,30,False,True,2.01101470248853,3.08,0.49724632437786753
0.23,S010,C,80.0,80,False,True,4.858749129052748,6.16,0.39265635886840655
0.23,S011,A,25.0,25,False,True,1.2196111986230465,3.465,0.7289752891948786
0.23,S011,B,30.0,30,False,True,1.1839375412899882,3.08,0.704015614677503
0.23,S011,C,80.0,80,False,True,2.853218920512951,6.16,0.6433476349358811
0.23,S012,A,25.0,25,False,True,3.131205067003246,3.465,0.30417665177705644
0.23,S012,B,30.0,30,False,True,3.0389370613228848,3.08,0.2402657346692788
0.23,S012,C,64.11950137976483,80,True,True,6.159999999999984,6.16,0.23000000000000198
0.23,S013,A,25.0,25,False,True,2.0741334613816913,3.465,0.5390814530262908
0.23,S013,B,30.0,30,False,True,2.0143512763767877,3.08,0.4964121809058031
0.23,S013,C,80.0,80,False,True,4.8914839898345805,6.16,0.38856450127067743
0.23,S014,A,25.0,25,False,True,2.4256925813159116,3.465,0.4609572041520197
0.23,S014,B,30.0,30,False,True,2.355323535517482,3.08,0.41116911612062945
0.23,S014,C,80.0,80,False,True,5.607762247373444,6.16,0.29902971907831954
0.23,S015,A,25.0,25,False,True,2.619252919750836,3.465,0.4179437956109253
0.23,S015,B,30.0,30,False,True,2.544440587539693,3.08,0.3638898531150767
0.23,S015,C,80.0,80,False,True,6.1329877183423225,6.16,0.2333765352072097
0.24,S001,A,25.0,25,False,True,1.3127180160965892,3.42,0.7082848853118691
0.24,S001,B,30.0,30,False,True,1.2739487146258892,3.04,0.6815128213435278
0.24,S001,C,80.0,80,False,True,3.0816969508470407,6.08,0.6147878811441199
0.24,S002,A,25.0,25,False,True,3.0904496148955753,3.42,0.31323341891209433
0.24,S002,B,30.0,30,False,True,2.9987623332803524,3.04,0.2503094166799119
0.24,S002,C,63.53107237997769,80,True,True,6.08,6.08,0.24
0.24,S003,A,25.0,25,False,True,3.1568292282540007,3.42,0.29848239372133323
0.24,S003,B,29.64442137495474,30,True,True,3.039999999999999,3.04,0.2400000000000002
0.24,S003,C,62.70849345810531,80,True,True,6.080000000000013,6.08,0.23999999999999833
0.24,S004,A,25.0,25,False,True,3.266746121100013,3.42,0.27405641753333043
0.24,S004,B,28.07508757484112,30,True,True,3.0399999999999996,3.04,0.2400000000000001
0.24,S004,C,57.454043724042116,80,True,True,6.079999999999999,6.08,0.2400000000000001
0.24,S005,A,25.0,25,False,True,2.244906793210243,3.42,0.5011318237310571
0.24,S005,B,30.0,30,False,True,2.178298368995217,3.04,0.4554254077511958
0.24,S005,C,80.0,80,False,True,5.29270640424716,6.08,0.338411699469105
0.24,S006,A,25.0,25,False,True,1.3897202893687801,3.42,0.69117326902916
0.24,S006,B,30.0,30,False,True,1.350059878268101,3.04,0.6624850304329748
0.24,S006,C,80.0,80,False,True,3.2533316961756764,6.08,0.5933335379780404
0.24,S007,A,25.0,25,False,True,2.017930455020118,3.42,0.5515710099955293
0.24,S007,B,30.0,30,False,True,1.9597756453456459,3.04,0.5100560886635885
0.24,S007,C,80.0,80,False,True,4.679449163210208,6.08,0.415068854598724
0.24,S008,A,25.0,25,False,True,3.3871984744539185,3.42,0.24728922789912922
0.24,S008,B,26.219989055360525,30,True,True,3.0400000000000005,3.04,0.23999999999999988
0.24,S008,C,51.774529643290116,80,True,True,6.080000000000001,6.08,0.23999999999999988
0.24,S009,A,25.0,25,False,True,2.3868506711344857,3.42,0.46958873974789206
0.24,S009,B,30.0,30,False,True,2.3163773915299126,3.04,0.42090565211752184
0.24,S009,C,80.0,80,False,True,5.669496029358593,6.08,0.2913129963301758
0.24,S010,A,25.0,25,False,True,2.0707024146924407,3.42,0.5398439078461243
0.24,S010,B,30.0,30,False,True,2.01101470248853,3.04,0.49724632437786753
0.24,S010,C,80.0,80,False,True,4.858749129052748,6.08,0.39265635886840655
0.24,S011,A,25.0,25,False,True,1.2196111986230465,3.42,0.7289752891948786
0.24,S011,B,30.0,30,False,True,1.1839375412899882,3.04,0.704015614677503
0.24,S011,C,80.0,80,False,True,2.853218920512951,6.08,0.6433476349358811
0.24,S012,A,25.0,25,False,True,3.131205067003246,3.42,0.30417665177705644
0.24,S012,B,30.0,30,False,True,3.0389370613228848,3.04,0.2402657346692788
0.24,S012,C,62.64359007654548,80,True,True,6.08,6.08,0.24
0.24,S013,A,25.0,25,False,True,2.0741334613816913,3.42,0.5390814530262908
0.24,S013,B,30.0,30,False,True,2.0143512763767877,3.04,0.4964121809058031
0.24,S013,C,80.0,80,False,True,4.8914839898345805,6.08,0.38856450127067743
0.24,S014,A,25.0,25,False,True,2.4256925813159116,3.42,0.4609572041520197
0.24,S014,B,30.0,30,False,True,2.355323535517482,3.04,0.41116911612062945
0.24,S014,C,80.0,80,False,True,5.607762247373444,6.08,0.29902971907831954
0.24,S015,A,25.0,25,False,True,2.619252919750836,3.42,0.4179437956109253
0.24,S015,B,30.0,30,False,True,2.544440587539693,3.04,0.3638898531150767
0.24,S015,C,79.39798805751491,80,True,True,6.08,6.08,0.24
0.25,S001,A,25.0,25,False,True,1.3127180160965892,3.375,0.7082848853118691
0.25,S001,B,30.0,30,False,True,1.2739487146258892,3.0,0.6815128213435278
0.25,S001,C,80.0,80,False,True,3.0816969508470407,6.0,0.6147878811441199
0.25,S002,A,25.0,25,False,True,3.0904496148955753,3.375,0.31323341891209433
0.25,S002,B,30.0,30,False,True,2.9987623332803524,3.0,0.2503094166799119
0.25,S002,C,62.015418442660135,80,True,True,5.999999999999999,6.0,0.2500000000000001
0.25,S003,A,25.0,25,False,True,3.1568292282540007,3.375,0.29848239372133323
0.25,S003,B,29.03651410641377,30,True,True,3.0000000000000004,3.0,0.2499999999999999
0.25,S003,C,61.144513365156065,80,True,True,5.999999999999999,6.0,0.2500000000000001
0.25,S004,A,25.0,25,False,True,3.266746121100013,3.375,0.27405641753333043
0.25,S004,B,27.412114024715006,30,True,True,2.9999999999999853,3.0,0.25000000000000366
0.25,S004,C,55.661187029818954,80,True,True,5.999999999999998,6.0,0.2500000000000002
0.25,S005,A,25.0,25,False,True,2.244906793210243,3.375,0.5011318237310571
0.25,S005,B,30.0,30,False,True,2.178298368995217,3.0,0.4554254077511958
0.25,S005,C,80.0,80,False,True,5.29270640424716,6.0,0.338411699469105
0.25,S006,A,25.0,25,False,True,1.3897202893687801,3.375,0.69117326902916
0.25,S006,B,30.0,30,False,True,1.350059878268101,3.0,0.6624850304329748
0.25,S006,C,80.0,80,False,True,3.2533316961756764,6.0,0.5933335379780404
0.25,S007,A,25.0,25,False,True,2.017930455020118,3.375,0.5515710099955293
0.25,S007,B,30.0,30,False,True,1.9597756453456459,3.0,0.5100560886635885
0.25,S007,C,80.0,80,False,True,4.679449163210208,6.0,0.415068854598724
0.25,S008,A,24.562764613294974,25,True,True,3.375,3.375,0.25
0.25,S008,B,25.480502829485534,30,True,True,3.0000000000000058,3.0,0.24999999999999856
0.25,S008,C,49.70458580112552,80,True,True,5.999999999999999,6.0,0.2500000000000001
0.25,S009,A,25.0,25,False,True,2.3868506711344857,3.375,0.46958873974789206
0.25,S009,B,30.0,30,False,True,2.3163773915299126,3.0,0.42090565211752184
0.25,S009,C,80.0,80,False,True,5.669496029358593,6.0,0.2913129963301758
0.25,S010,A,25.0,25,False,True,2.0707024146924407,3.375,0.5398439078461243
0.25,S010,B,30.0,30,False,True,2.01101470248853,3.0,0.49724632437786753
0.25,S010,C,80.0,80,False,True,4.858749129052748,6.0,0.39265635886840655
0.25,S011,A,25.0,25,False,True,1.2196111986230465,3.375,0.7289752891948786
0.25,S011,B,30.0,30,False,True,1.1839375412899882,3.0,0.704015614677503
0.25,S011,C,80.0,80,False,True,2.853218920512951,6.0,0.6433476349358811
0.25,S012,A,25.0,25,False,True,3.131205067003246,3.375,0.30417665177705644
0.25,S012,B,29.432468387620933,30,True,True,2.9999999999999796,3.0,0.2500000000000051
0.25,S012,C,61.0854913648446,80,True,True,5.999999999999999,6.0,0.2500000000000001
0.25,S013,A,25.0,25,False,True,2.0741334613816913,3.375,0.5390814530262908
0.25,S013,B,30.0,30,False,True,2.0143512763767877,3.0,0.4964121809058031
0.25,S013,C,80.0,80,False,True,4.8914839898345805,6.0,0.38856450127067743
0.25,S014,A,25.0,25,False,True,2.4256925813159116,3.375,0.4609572041520197
0.25,S014,B,30.0,30,False,True,2.355323535517482,3.0,0.41116911612062945
0.25,S014,C,80.0,80,False,True,5.607762247373444,6.0,0.29902971907831954
0.25,S015,A,25.0,25,False,True,2.619252919750836,3.375,0.4179437956109253
0.25,S015,B,30.0,30,False,True,2.544440587539693,3.0,0.3638898531150767
0.25,S015,C,78.45461159776886,80,True,True,6.0,6.0,0.25
0.26,S001,A,25.0,25,False,True,1.3127180160965892,3.33,0.7082848853118691
0.26,S001,B,30.0,30,False,True,1.2739487146258892,2.96,0.6815128213435278
0.26,S001,C,80.0,80,False,True,3.0816969508470407,5.92,0.6147878811441199
0.26,S002,A,25.0,25,False,True,3.0904496148955753,3.33,0.31323341891209433
0.26,S002,B,29.433346452784786,30,True,True,2.9600000000000213,2.96,0.2599999999999947
0.26,S002,C,60.413086597759296,80,True,True,5.92,5.92,0.26
0.26,S003,A,25.0,25,False,True,3.1568292282540007,3.33,0.29848239372133323
0.26,S003,B,28.394994673373585,30,True,True,2.96,2.96,0.26
0.26,S003,C,59.491130432501336,80,True,True,5.920000000000011,5.92,0.2599999999999987
0.26,S004,A,25.0,25,False,True,3.266746121100013,3.33,0.27405641753333043
0.26,S004,B,26.710897468119693,30,True,True,2.96,2.96,0.26
0.26,S004,C,53.75669363559392,80,True,True,5.92,5.92,0.26
0.26,S005,A,25.0,25,False,True,2.244906793210243,3.33,0.5011318237310571
0.26,S005,B,30.0,30,False,True,2.178298368995217,2.96,0.4554254077511958
0.26,S005,C,80.0,80,False,True,5.29270640424716,5.92,0.338411699469105
0.26,S006,A,25.0,25,False,True,1.3897202893687801,3.33,0.69117326902916
0.26,S006,B,30.0,30,False,True,1.350059878268101,2.96,0.6624850304329748
0.26,S006,C,80.0,80,False,True,3.2533316961756764,5.92,0.5933335379780404
0.26,S007,A,25.0,25,False,True,2.017930455020118,3.33,0.5515710099955293
0.26,S007,B,30.0,30,False,True,1.9597756453456459,2.96,0.5100560886635885
0.26,S007,C,80.0,80,False,True,4.679449163210208,5.92,0.415068854598724
0.26,S008,A,22.86523679611257,25,True,True,3.33,3.33,0.26
0.26,S008,B,24.69595420080975,30,True,True,2.96,2.96,0.26
0.26,S008,C,47.49320459898425,80,True,True,5.920000000000004,5.92,0.25999999999999945
0.26,S009,A,25.0,25,False,True,2.3868506711344857,3.33,0.46958873974789206
0.26,S009,B,30.0,30,False,True,2.3163773915299126,2.96,0.42090565211752184
0.26,S009,C,80.0,80,False,True,5.669496029358593,5.92,0.2913129963301758
0.26,S010,A,25.0,25,False,True,2.0707024146924407,3.33,0.5398439078461243
0.26,S010,B,30.0,30,False,True,2.01101470248853,2.96,0.49724632437786753
0.26,S010,C,80.0,80,False,True,4.858749129052748,5.92,0.39265635886840655
0.26,S011,A,25.0,25,False,True,1.2196111986230465,3.33,0.7289752891948786
0.26,S011,B,30.0,30,False,True,1.1839375412899882,2.96,0.704015614677503
0.26,S011,C,80.0,80,False,True,2.853218920512951,5.92,0.6433476349358811
0.26,S012,A,25.0,25,False,True,3.131205067003246,3.33,0.30417665177705644
0.26,S012,B,28.818246290532585,30,True,True,2.96,2.96,0.26
0.26,S012,C,59.437649680343256,80,True,True,5.919999999999998,5.92,0.26000000000000023
0.26,S013,A,25.0,25,False,True,2.0741334613816913,3.33,0.5390814530262908
0.26,S013,B,30.0,30,False,True,2.0143512763767877,2.96,0.4964121809058031
0.26,S013,C,80.0,80,False,True,4.8914839898345805,5.92,0.38856450127067743
0.26,S014,A,25.0,25,False,True,2.4256925813159116,3.33,0.4609572041520197
0.26,S014,B,30.0,30,False,True,2.355323535517482,2.96,0.41116911612062945
0.26,S014,C,80.0,80,False,True,5.607762247373444,5.92,0.29902971907831954
0.26,S015,A,25.0,25,False,True,2.619252919750836,3.33,0.4179437956109253
0.26,S015,B,30.0,30,False,True,2.544440587539693,2.96,0.3638898531150767
0.26,S015,C,77.46716437591029,80,True,True,5.919999999999999,5.92,0.2600000000000001
0.27,S001,A,25.0,25,False,True,1.3127180160965892,3.285,0.7082848853118691
0.27,S001,B,30.0,30,False,True,1.2739487146258892,2.92,0.6815128213435278
0.27,S001,C,80.0,80,False,True,3.0816969508470407,5.84,0.6147878811441199
0.27,S002,A,25.0,25,False,True,3.0904496148955753,3.285,0.31323341891209433
0.27,S002,B,28.817087495641292,30,True,True,2.9199999999999995,2.92,0.27000000000000013
0.27,S002,C,58.715798965208386,80,True,True,5.839999999999993,5.84,0.2700000000000009
0.27,S003,A,25.0,25,False,True,3.1568292282540007,3.285,0.29848239372133323
0.27,S003,B,27.716868299478335,30,True,True,2.919999999999998,2.92,0.27000000000000046
0.27,S003,C,57.7399364484498,80,True,True,5.84,5.84,0.27
0.27,S004,A,25.0,25,False,True,3.266746121100013,3.285,0.27405641753333043
0.27,S004,B,25.967782505082326,30,True,True,2.920000000000001,2.92,0.2699999999999998
0.27,S004,C,51.72854560690685,80,True,True,5.84,5.84,0.27
0.27,S005,A,25.0,25,False,True,2.244906793210243,3.285,0.5011318237310571
0.27,S005,B,30.0,30,False,True,2.178298368995217,2.92,0.4554254077511958
0.27,S005,C,80.0,80,False,True,5.29270640424716,5.84,0.338411699469105
0.27,S006,A,25.0,25,False,True,1.3897202893687801,3.285,0.69117326902916
0.27,S006,B,30.0,30,False,True,1.350059878268101,2.92,0.6624850304329748
0.27,S006,C,80.0,80,False,True,3.2533316961756764,5.84,0.5933335379780404
0.27,S007,A,25.0,25,False,True,2.017930455020118,3.285,0.5515710099955293
0.27,S007,B,30.0,30,False,True,1.9597756453456459,2.92,0.5100560886635885
0.27,S007,C,80.0,80,False,True,4.679449163210208,5.84,0.415068854598724
0.27,S008,A,21.017380903112045,25,True,True,3.285,3.285,0.27
0.27,S008,B,23.86166324286344,30,True,True,2.9200000000000004,2.92,0.2699999999999999
0.27,S008,C,45.12270691582595,80,True,True,5.84,5.84,0.27
0.27,S009,A,25.0,25,False,True,2.3868506711344857,3.285,0.46958873974789206
0.27,S009,B,30.0,30,False,True,2.3163773915299126,2.92,0.42090565211752184
0.27,S009,C,80.0,80,False,True,5.669496029358593,5.84,0.2913129963301758
0.27,S010,A,25.0,25,False,True,2.0707024146924407,3.285,0.5398439078461243
0.27,S010,B,30.0,30,False,True,2.01101470248853,2.92,0.49724632437786753
0.27,S010,C,80.0,80,False,True,4.858749129052748,5.84,0.39265635886840655
0.27,S011,A,25.0,25,False,True,1.2196111986230465,3.285,0.7289752891948786
0.27,S011,B,30.0,30,False,True,1.1839375412899882,2.92,0.704015614677503
0.27,S011,C,80.0,80,False,True,2.853218920512951,5.84,0.6433476349358811
0.27,S012,A,25.0,25,False,True,3.131205067003246,3.285,0.30417665177705644
0.27,S012,B,28.169653265215665,30,True,True,2.92,2.92,0.27
0.27,S012,C,57.691456648719516,80,True,True,5.840000000000001,5.84,0.2699999999999999
0.27,S013,A,25.0,25,False,True,2.0741334613816913,3.285,0.5390814530262908
0.27,S013,B,30.0,30,False,True,2.0143512763767877,2.92,0.4964121809058031
0.27,S013,C,80.0,80,False,True,4.8914839898345805,5.84,0.38856450127067743
0.27,S014,A,25.0,25,False,True,2.4256925813159116,3.285,0.4609572041520197
0.27,S014,B,30.0,30,False,True,2.355323535517482,2.92,0.41116911612062945
0.27,S014,C,80.0,80,False,True,5.607762247373444,5.84,0.29902971907831954
0.27,S015,A,25.0,25,False,True,2.619252919750836,3.285,0.4179437956109253
0.27,S015,B,30.0,30,False,True,2.544440587539693,2.92,0.3638898531150767
0.27,S015,C,76.43245203964436,80,True,True,5.839999999999996,5.84,0.27000000000000046
0.28,S001,A,25.0,25,False,True,1.3127180160965892,3.2399999999999998,0.7082848853118691
0.28,S001,B,30.0,30,False,True,1.2739487146258892,2.88,0.6815128213435278
0.28,S001,C,80.0,80,False,True,3.0816969508470407,5.76,0.6147878811441199
0.28,S002,A,25.0,25,False,True,3.0904496148955753,3.2399999999999998,0.31323341891209433
0.28,S002,B,28.165993882188054,30,True,True,2.88,2.88,0.28
0.28,S002,C,56.91406640434059,80,True,True,5.76,5.76,0.28
0.28,S003,A,25.0,25,False,True,3.1568292282540007,3.2399999999999998,0.29848239372133323
0.28,S003,B,26.998747491737916,30,True,True,2.88,2.88,0.28
0.28,S003,C,55.88132039118125,80,True,True,5.760000000000015,5.76,0.27999999999999814
0.28,S004,A,23.98742073709279,25,True,True,3.2399999999999998,3.2399999999999998,0.28
0.28,S004,B,25.17858242662099,30,True,True,2.8800000000000123,2.88,0.2799999999999969
0.28,S004,C,49.562640046116854,80,True,True,5.759999999999998,5.76,0.28000000000000025
0.28,S005,A,25.0,25,False,True,2.244906793210243,3.2399999999999998,0.5011318237310571
0.28,S005,B,30.0,30,False,True,2.178298368995217,2.88,0.4554254077511958
0.28,S005,C,80.0,80,False,True,5.29270640424716,5.76,0.338411699469105
0.28,S006,A,25.0,25,False,True,1.3897202893687801,3.2399999999999998,0.69117326902916
0.28,S006,B,30.0,30,False,True,1.350059878268101,2.88,0.6624850304329748
0.28,S006,C,80.0,80,False,True,3.2533316961756764,5.76,0.5933335379780404
0.28,S007,A,25.0,25,False,True,2.017930455020118,3.2399999999999998,0.5515710099955293
0.28,S007,B,30.0,30,False,True,1.9597756453456459,2.88,0.5100560886635885
0.28,S007,C,80.0,80,False,True,4.679449163210208,5.76,0.415068854598724
0.28,S008,A,18.990101743008502,25,True,True,3.2399999999999998,3.2399999999999998,0.28
0.28,S008,B,22.972183535427387,30,True,True,2.88,2.88,0.28
0.28,S008,C,42.57160321458983,80,True,True,5.76,5.76,0.28
0.28,S009,A,25.0,25,False,True,2.3868506711344857,3.2399999999999998,0.46958873974789206
0.28,S009,B,30.0,30,False,True,2.3163773915299126,2.88,0.42090565211752184
0.28,S009,C,80.0,80,False,True,5.669496029358593,5.76,0.2913129963301758
0.28,S010,A,25.0,25,False,True,2.0707024146924407,3.2399999999999998,0.5398439078461243
0.28,S010,B,30.0,30,False,True,2.01101470248853,2.88,0.49724632437786753
0.28,S010,C,80.0,80,False,True,4.858749129052748,5.76,0.39265635886840655
0.28,S011,A,25.0,25,False,True,1.2196111986230465,3.2399999999999998,0.7289752891948786
0.28,S011,B,30.0,30,False,True,1.1839375412899882,2.88,0.704015614677503
0.28,S011,C,80.0,80,False,True,2.853218920512951,5.76,0.6433476349358811
0.28,S012,A,25.0,25,False,True,3.131205067003246,3.2399999999999998,0.30417665177705644
0.28,S012,B,27.48355385370355,30,True,True,2.8799999999999906,2.88,0.28000000000000236
0.28,S012,C,55.837036810666525,80,True,True,5.759999999999999,5.76,0.28000000000000014
0.28,S013,A,25.0,25,False,True,2.0741334613816913,3.2399999999999998,0.5390814530262908
0.28,S013,B,30.0,30,False,True,2.0143512763767877,2.88,0.4964121809058031
0.28,S013,C,80.0,80,False,True,4.8914839898345805,5.76,0.38856450127067743
0.28,S014,A,25.0,25,False,True,2.4256925813159116,3.2399999999999998,0.4609572041520197
0.28,S014,B,30.0,30,False,True,2.355323535517482,2.88,0.41116911612062945
0.28,S014,C,80.0,80,False,True,5.607762247373444,5.76,0.29902971907831954
0.28,S015,A,25.0,25,False,True,2.619252919750836,3.2399999999999998,0.4179437956109253
0.28,S015,B,30.0,30,False,True,2.544440587539693,2.88,0.3638898531150767
0.28,S015,C,75.34695772972037,80,True,True,5.76,5.76,0.28
0.29,S001,A,25.0,25,False,True,1.3127180160965892,3.195,0.7082848853118691
0.29,S001,B,30.0,30,False,True,1.2739487146258892,2.84,0.6815128213435278
0.29,S001,C,80.0,80,False,True,3.0816969508470407,5.68,0.6147878811441199
0.29,S002,A,25.0,25,False,True,3.0904496148955753,3.195,0.31323341891209433
0.29,S002,B,27.476834057613832,30,True,True,2.8399999999999883,2.84,0.2900000000000029
0.29,S002,C,54.996927647001826,80,True,True,5.680000000000005,5.68,0.28999999999999937
0.29,S003,A,25.0,25,False,True,3.1568292282540007,3.195,0.29848239372133323
0.29,S003,B,26.236778940913805,30,True,True,2.84,2.84,0.29000000000000004
0.29,S003,C,53.9042142925072,80,True,True,5.68,5.68,0.29000000000000004
0.29,S004,A,22.164794289690562,25,True,True,3.1950000000000003,3.195,0.2899999999999999
0.29,S004,B,24.33846613907115,30,True,True,2.84,2.84,0.29000000000000004
0.29,S004,C,47.24222746212108,80,True,True,5.68,5.68,0.29000000000000004
0.29,S005,A,25.0,25,False,True,2.244906793210243,3.195,0.5011318237310571
0.29,S005,B,30.0,30,False,True,2.178298368995217,2.84,0.4554254077511958
0.29,S005,C,80.0,80,False,True,5.29270640424716,5.68,0.338411699469105
0.29,S006,A,25.0,25,False,True,1.3897202893687801,3.195,0.69117326902916
0.29,S006,B,30.0,30,False,True,1.350059878268101,2.84,0.6624850304329748
0.29,S006,C,80.0,80,False,True,3.2533316961756764,5.68,0.5933335379780404
0.29,S007,A,25.0,25,False,True,2.017930455020118,3.195,0.5515710099955293
0.29,S007,B,30.0,30,False,True,1.9597756453456459,2.84,0.5100560886635885
0.29,S007,C,80.0,80,False,True,4.679449163210208,5.68,0.415068854598724
0.29,S008,A,16.74256113135739,25,True,True,3.1949999999999994,3.195,0.29000000000000015
0.29,S008,B,22.021111564318147,30,True,True,2.84,2.84,0.29000000000000004
0.29,S008,C,39.81324508047147,80,True,True,5.679999999999999,5.68,0.29000000000000015
0.29,S009,A,25.0,25,False,True,2.3868506711344857,3.195,0.46958873974789206
0.29,S009,B,30.0,30,False,True,2.3163773915299126,2.84,0.42090565211752184
0.29,S009,C,80.0,80,False,True,5.669496029358593,5.68,0.2913129963301758
0.29,S010,A,25.0,25,False,True,2.0707024146924407,3.195,0.5398439078461243
0.29,S010,B,30.0,30,False,True,2.01101470248853,2.84,0.49724632437786753
0.29,S010,C,80.0,80,False,True,4.858749129052748,5.68,0.39265635886840655
0.29,S011,A,25.0,25,False,True,1.2196111986230465,3.195,0.7289752891948786
0.29,S011,B,30.0,30,False,True,1.1839375412899882,2.84,0.704015614677503
0.29,S011,C,80.0,80,False,True,2.853218920512951,5.68,0.6433476349358811
0.29,S012,A,25.0,25,False,True,3.131205067003246,3.195,0.30417665177705644
0.29,S012,B,26.7563870654492,30,True,True,2.84,2.84,0.29000000000000004
0.29,S012,C,53.8629714822971,80,True,True,5.68,5.68,0.29000000000000004
0.29,S013,A,25.0,25,False,True,2.0741334613816913,3.195,0.5390814530262908
0.29,S013,B,30.0,30,False,True,2.0143512763767877,2.84,0.4964121809058031
0.29,S013,C,80.0,80,False,True,4.8914839898345805,5.68,0.38856450127067743
0.29,S014,A,25.0,25,False,True,2.4256925813159116,3.195,0.4609572041520197
0.29,S014,B,30.0,30,False,True,2.355323535517482,2.84,0.41116911612062945
0.29,S014,C,80.0,80,False,True,5.607762247373444,5.68,0.29902971907831954
0.29,S015,A,25.0,25,False,True,2.619252919750836,3.195,0.4179437956109253
0.29,S015,B,30.0,30,False,True,2.544440587539693,2.84,0.3638898531150767
0.29,S015,C,74.20679901676817,80,True,True,5.68,5.68,0.29000000000000004
0.3,S001,A,25.0,25,False,True,1.3127180160965892,3.15,0.7082848853118691
0.3,S001,B,30.0,30,False,True,1.2739487146258892,2.8,0.6815128213435278
0.3,S001,C,80.0,80,False,True,3.0816969508470407,5.6,0.6147878811441199
0.3,S002,A,25.0,25,False,True,3.0904496148955753,3.15,0.31323341891209433
0.3,S002,B,26.745928035899563,30,True,True,2.8,2.8,0.30000000000000004
0.3,S002,C,52.95160843213847,80,True,True,5.6,5.6,0.30000000000000004
0.3,S003,A,24.73729667169497,25,True,True,3.15,3.15,0.30000000000000004
0.3,S003,B,25.426551505072215,30,True,True,2.800000000000003,2.8,0.29999999999999927
0.3,S003,C,51.79576181350154,80,True,True,5.6,5.6,0.30000000000000004
0.3,S004,A,20.169042307686635,25,True,True,3.1499999999999995,3.15,0.30000000000000016
0.3,S004,B,23.44181088105741,30,True,True,2.8,2.8,0.30000000000000004
0.3,S004,C,44.74712546891693,80,True,True,5.6000000000000005,5.6,0.29999999999999993
0.3,S005,A,25.0,25,False,True,2.244906793210243,3.15,0.5011318237310571
0.3,S005,B,30.0,30,False,True,2.178298368995217,2.8,0.4554254077511958
0.3,S005,C,80.0,80,False,True,5.29270640424716,5.6,0.338411699469105
0.3,S006,A,25.0,25,False,True,1.3897202893687801,3.15,0.69117326902916
0.3,S006,B,30.0,30,False,True,1.350059878268101,2.8,0.6624850304329748
0.3,S006,C,80.0,80,False,True,3.2533316961756764,5.6,0.5933335379780404
0.3,S007,A,25.0,25,False,True,2.017930455020118,3.15,0.5515710099955293
0.3,S007,B,30.0,30,False,True,1.9597756453456459,2.8,0.5100560886635885
0.3,S007,C,80.0,80,False,True,4.679449163210208,5.6,0.415068854598724
0.3,S008,A,14.213146173235552,25,True,True,3.15,3.15,0.30000000000000004
0.3,S008,B,21.00082689011724,30,True,True,2.8,2.8,0.30000000000000004
0.3,S008,C,36.8137410376333,80,True,True,5.6,5.6,0.30000000000000004
0.3,S009,A,25.0,25,False,True,2.3868506711344857,3.15,0.46958873974789206
0.3,S009,B,30.0,30,False,True,2.3163773915299126,2.8,0.42090565211752184
0.3,S009,C,79.15353430894979,80,True,True,5.599999999999977,5.6,0.3000000000000028
0.3,S010,A,25.0,25,False,True,2.0707024146924407,3.15,0.5398439078461243
0.3,S010,B,30.0,30,False,True,2.01101470248853,2.8,0.49724632437786753
0.3,S010,C,80.0,80,False,True,4.858749129052748,5.6,0.39265635886840655
0.3,S011,A,25.0,25,False,True,1.2196111986230465,3.15,0.7289752891948786
0.3,S011,B,30.0,30,False,True,1.1839375412899882,2.8,0.704015614677503
0.3,S011,C,80.0,80,False,True,2.853218920512951,5.6,0.6433476349358811
0.3,S012,A,25.0,25,False,True,3.131205067003246,3.15,0.30417665177705644
0.3,S012,B,25.984083793824343,30,True,True,2.8000000000000003,2.8,0.29999999999999993
0.3,S012,C,51.755936259215616,80,True,True,5.6,5.6,0.30000000000000004
0.3,S013,A,25.0,25,False,True,2.0741334613816913,3.15,0.5390814530262908
0.3,S013,B,30.0,30,False,True,2.0143512763767877,2.8,0.4964121809058031
0.3,S013,C,80.0,80,False,True,4.8914839898345805,5.6,0.38856450127067743
0.3,S014,A,25.0,25,False,True,2.4256925813159116,3.15,0.4609572041520197
0.3,S014,B,30.0,30,False,True,2.355323535517482,2.8,0.41116911612062945
0.3,S014,C,79.90369786932128,80,True,True,5.600000000000001,5.6,0.2999999999999998
0.3,S015,A,25.0,25,False,True,2.619252919750836,3.15,0.4179437956109253
0.3,S015,B,30.0,30,False,True,2.544440587539693,2.8,0.3638898531150767
0.3,S015,C,73.00767743029762,80,True,True,5.6000000000000005,5.6,0.29999999999999993
0.31,S001,A,25.0,25,False,True,1.3127180160965892,3.1049999999999995,0.7082848853118691
0.31,S001,B,30.0,30,False,True,1.2739487146258892,2.76,0.6815128213435278
0.31,S001,C,80.0,80,False,True,3.0816969508470407,5.52,0.6147878811441199
0.31,S002,A,25.0,25,False,True,3.0904496148955753,3.1049999999999995,0.31323341891209433
0.31,S002,B,25.969058161790603,30,True,True,2.7600000000000007,2.76,0.30999999999999983
0.31,S002,C,50.763066940923174,80,True,True,5.52,5.52,0.31000000000000005
0.31,S003,A,22.920872355210857,25,True,True,3.1049999999999995,3.1049999999999995,0.31000000000000005
0.31,S003,B,24.562978628393697,30,True,True,2.76,2.76,0.31000000000000005
0.31,S003,C,49.54087689753703,80,True,True,5.519999999999997,5.52,0.3100000000000004
0.31,S004,A,17.963244162248305,25,True,True,3.105,3.1049999999999995,0.31000000000000005
0.31,S004,B,22.482006508753745,30,True,True,2.76,2.76,0.31000000000000005
0.31,S004,C,42.05258059153264,80,True,True,5.519999999999999,5.52,0.31000000000000016
0.31,S005,A,25.0,25,False,True,2.244906793210243,3.1049999999999995,0.5011318237310571
0.31,S005,B,30.0,30,False,True,2.178298368995217,2.76,0.4554254077511958
0.31,S005,C,80.0,80,False,True,5.29270640424716,5.52,0.338411699469105
0.31,S006,A,25.0,25,False,True,1.3897202893687801,3.1049999999999995,0.69117326902916
0.31,S006,B,30.0,30,False,True,1.350059878268101,2.76,0.6624850304329748
0.31,S006,C,80.0,80,False,True,3.2533316961756764,5.52,0.5933335379780404
0.31,S007,A,25.0,25,False,True,2.017930455020118,3.1049999999999995,0.5515710099955293
0.31,S007,B,30.0,30,False,True,1.9597756453456459,2.76,0.5100560886635885
0.31,S007,C,80.0,80,False,True,4.679449163210208,5.52,0.415068854598724
0.31,S008,A,11.297883310288851,25,True,True,3.1049999999999995,3.1049999999999995,0.31000000000000005
0.31,S008,B,19.90212788509762,30,True,True,2.76,2.76,0.31000000000000005
0.31,S008,C,33.528548871761345,80,True,True,5.52,5.52,0.31000000000000005
0.31,S009,A,25.0,25,False,True,2.3868506711344857,3.1049999999999995,0.46958873974789206
0.31,S009,B,30.0,30,False,True,2.3163773915299126,2.76,0.42090565211752184
0.31,S009,C,78.13395358913527,80,True,True,5.519999999999999,5.52,0.31000000000000016
0.31,S010,A,25.0,25,False,True,2.0707024146924407,3.1049999999999995,0.5398439078461243
0.31,S010,B,30.0,30,False,True,2.01101470248853,2.76,0.49724632437786753
0.31,S010,C,80.0,80,False,True,4.858749129052748,5.52,0.39265635886840655
0.31,S011,A,25.0,25,False,True,1.2196111986230465,3.1049999999999995,0.7289752891948786
0.31,S011,B,30.0,30,False,True,1.1839375412899882,2.76,0.704015614677503
0.31,S011,C,80.0,80,False,True,2.853218920512951,5.52,0.6433476349358811
0.31,S012,A,23.967986908319094,25,True,True,3.1049999999999995,3.1049999999999995,0.31000000000000005
0.31,S012,B,25.161961895322023,30,True,True,2.7600000000000113,2.76,0.30999999999999717
0.31,S012,C,49.50021482412865,80,True,True,5.519999999999999,5.52,0.31000000000000016
0.31,S013,A,25.0,25,False,True,2.0741334613816913,3.1049999999999995,0.5390814530262908
0.31,S013,B,30.0,30,False,True,2.0143512763767877,2.76,0.4964121809058031
0.31,S013,C,80.0,80,False,True,4.8914839898345805,5.52,0.38856450127067743
0.31,S014,A,25.0,25,False,True,2.4256925813159116,3.1049999999999995,0.4609572041520197
0.31,S014,B,30.0,30,False,True,2.355323535517482,2.76,0.41116911612062945
0.31,S014,C,78.88408930422992,80,True,True,5.52,5.52,0.31000000000000005
0.31,S015,A,25.0,25,False,True,2.619252919750836,3.1049999999999995,0.4179437956109253
0.31,S015,B,30.0,30,False,True,2.544440587539693,2.76,0.3638898531150767
0.31,S015,C,71.74481896108874,80,True,True,5.52,5.52,0.31000000000000005
0.32,S001,A,25.0,25,False,True,1.3127180160965892,3.0599999999999996,0.7082848853118691
0.32,S001,B,30.0,30,False,True,1.2739487146258892,2.7199999999999998,0.6815128213435278
0.32,S001,C,80.0,80,False,True,3.0816969508470407,5.4399999999999995,0.6147878811441199
0.32,S002,A,23.779705806814466,25,True,True,3.0599999999999996,3.0599999999999996,0.32000000000000006
0.32,S002,B,25.141355121097504,30,True,True,2.7199999999999878,2.7199999999999998,0.32000000000000306
0.32,S002,C,48.41337297189287,80,True,True,5.439999999999995,5.4399999999999995,0.3200000000000006
0.32,S003,A,20.937659223065634,25,True,True,3.0599999999999996,3.0599999999999996,0.32000000000000006
0.32,S003,B,23.640145464285318,30,True,True,2.72,2.7199999999999998,0.31999999999999995
0.32,S003,C,47.121641444454205,80,True,True,5.4399999999999995,5.4399999999999995,0.32000000000000006
0.32,S004,A,15.493449918963666,25,True,True,3.0599999999999996,3.0599999999999996,0.32000000000000006
0.32,S004,B,21.451189259621405,30,True,True,2.7199999999999993,2.7199999999999998,0.3200000000000002
0.32,S004,C,39.12755257935466,80,True,True,5.4399999999999995,5.4399999999999995,0.32000000000000006
0.32,S005,A,25.0,25,False,True,2.244906793210243,3.0599999999999996,0.5011318237310571
0.32,S005,B,30.0,30,False,True,2.178298368995217,2.7199999999999998,0.4554254077511958
0.32,S005,C,80.0,80,False,True,5.29270640424716,5.4399999999999995,0.338411699469105
0.32,S006,A,25.0,25,False,True,1.3897202893687801,3.0599999999999996,0.69117326902916
0.32,S006,B,30.0,30,False,True,1.350059878268101,2.7199999999999998,0.6624850304329748
0.32,S006,C,80.0,80,False,True,3.2533316961756764,5.4399999999999995,0.5933335379780404
0.32,S007,A,25.0,25,False,True,2.017930455020118,3.0599999999999996,0.5515710099955293
0.32,S007,B,30.0,30,False,True,1.9597756453456459,2.7199999999999998,0.5100560886635885
0.32,S007,C,80.0,80,False,True,4.679449163210208,5.4399999999999995,0.415068854598724
0.32,S008,A,7.782724739251817,25,True,True,3.0599999999999987,3.0599999999999996,0.3200000000000003
0.32,S008,B,18.713703654385956,30,True,True,2.7199999999999998,2.7199999999999998,0.32000000000000006
0.32,S008,C,29.89648518521926,80,True,True,5.439999999999995,5.4399999999999995,0.3200000000000006
0.32,S009,A,25.0,25,False,True,2.3868506711344857,3.0599999999999996,0.46958873974789206
0.32,S009,B,30.0,30,False,True,2.3163773915299126,2.7199999999999998,0.42090565211752184
0.32,S009,C,77.06241437700041,80,True,True,5.439999999999999,5.4399999999999995,0.3200000000000002
0.32,S010,A,25.0,25,False,True,2.0707024146924407,3.0599999999999996,0.5398439078461243
0.32,S010,B,30.0,30,False,True,2.01101470248853,2.7199999999999998,0.49724632437786753
0.32,S010,C,80.0,80,False,True,4.858749129052748,5.4399999999999995,0.39265635886840655
0.32,S011,A,25.0,25,False,True,1.2196111986230465,3.0599999999999996,0.7289752891948786
0.32,S011,B,30.0,30,False,True,1.1839375412899882,2.7199999999999998,0.704015614677503
0.32,S011,C,80.0,80,False,True,2.853218920512951,5.4399999999999995,0.6433476349358811
0.32,S012,A,22.068253936633273,25,True,True,3.0599999999999996,3.0599999999999996,0.32000000000000006
0.32,S012,B,24.28459073498697,30,True,True,2.7199999999999998,2.7199999999999998,0.32000000000000006
0.32,S012,C,47.077030174073194,80,True,True,5.4399999999999995,5.4399999999999995,0.32000000000000006
0.32,S013,A,25.0,25,False,True,2.0741334613816913,3.0599999999999996,0.5390814530262908
0.32,S013,B,30.0,30,False,True,2.0143512763767877,2.7199999999999998,0.4964121809058031
0.32,S013,C,80.0,80,False,True,4.8914839898345805,5.4399999999999995,0.38856450127067743
0.32,S014,A,25.0,25,False,True,2.4256925813159116,3.0599999999999996,0.4609572041520197
0.32,S014,B,30.0,30,False,True,2.355323535517482,2.7199999999999998,0.41116911612062945
0.32,S014,C,77.81243475421678,80,True,True,5.44,5.4399999999999995,0.31999999999999995
0.32,S015,A,25.0,25,False,True,2.619252919750836,3.0599999999999996,0.4179437956109253
0.32,S015,B,30.0,30,False,True,2.544440587539693,2.7199999999999998,0.3638898531150767
0.32,S015,C,70.41290347348743,80,True,True,5.4399999999999995,5.4399999999999995,0.32000000000000006
0.33,S001,A,25.0,25,False,True,1.3127180160965892,3.0149999999999997,0.7082848853118691
0.33,S001,B,30.0,30,False,True,1.2739487146258892,2.6799999999999997,0.6815128213435278
0.33,S001,C,80.0,80,False,True,3.0816969508470407,5.359999999999999,0.6147878811441199
0.33,S002,A,21.833297754668678,25,True,True,3.0149999999999997,3.0149999999999997,0.33000000000000007
0.33,S002,B,24.257149898402474,30,True,True,2.6799999999999993,2.6799999999999997,0.3300000000000002
0.33,S002,C,45.88083575956683,80,True,True,5.359999999999999,5.359999999999999,0.33000000000000007
0.33,S003,A,18.75479856105794,25,True,True,3.0149999999999992,3.0149999999999997,0.3300000000000002
0.33,S003,B,22.651106052762447,30,True,True,2.6799999999999997,2.6799999999999997,0.33000000000000007
0.33,S003,C,44.51645901488357,80,True,True,5.359999999999999,5.359999999999999,0.33000000000000007
0.33,S004,A,12.67306953999925,25,True,True,3.015,3.0149999999999997,0.32999999999999996
0.33,S004,B,20.33986940127288,30,True,True,2.6799999999999997,2.6799999999999997,0.33000000000000007
0.33,S004,C,35.931995212193804,80,True,True,5.36,5.359999999999999,0.32999999999999996
0.33,S005,A,25.0,25,False,True,2.244906793210243,3.0149999999999997,0.5011318237310571
0.33,S005,B,30.0,30,False,True,2.178298368995217,2.6799999999999997,0.4554254077511958
0.33,S005,C,80.0,80,False,True,5.29270640424716,5.359999999999999,0.338411699469105
0.33,S006,A,25.0,25,False,True,1.3897202893687801,3.0149999999999997,0.69117326902916
0.33,S006,B,30.0,30,False,True,1.350059878268101,2.6799999999999997,0.6624850304329748
0.33,S006,C,80.0,80,False,True,3.2533316961756764,5.359999999999999,0.5933335379780404
0.33,S007,A,25.0,25,False,True,2.017930455020118,3.0149999999999997,0.5515710099955293
0.33,S007,B,30.0,30,False,True,1.9597756453456459,2.6799999999999997,0.5100560886635885
0.33,S007,C,80.0,80,False,True,4.679449163210208,5.359999999999999,0.415068854598724
0.33,S008,A,2.9408681104079264,25,True,True,3.0149999999999997,3.0149999999999997,0.33000000000000007
0.33,S008,B,17.42133660168746,30,True,True,2.6799999999999997,2.6799999999999997,0.33000000000000007
0.33,S008,C,25.828118613665804,80,True,True,5.359999999999998,5.359999999999999,0.3300000000000003
0.33,S009,A,25.0,25,False,True,2.3868506711344857,3.0149999999999997,0.46958873974789206
0.33,S009,B,30.0,30,False,True,2.3163773915299126,2.6799999999999997,0.42090565211752184
0.33,S009,C,75.93474134138393,80,True,True,5.359999999999976,5.359999999999999,0.33000000000000296
0.33,S010,A,25.0,25,False,True,2.0707024146924407,3.0149999999999997,0.5398439078461243
0.33,S010,B,30.0,30,False,True,2.01101470248853,2.6799999999999997,0.49724632437786753
0.33,S010,C,80.0,80,False,True,4.858749129052748,5.359999999999999,0.39265635886840655
0.33,S011,A,25.0,25,False,True,1.2196111986230465,3.0149999999999997,0.7289752891948786
0.33,S011,B,30.0,30,False,True,1.1839375412899882,2.6799999999999997,0.704015614677503
0.33,S011,C,80.0,80,False,True,2.853218920512951,5.359999999999999,0.6433476349358811
0.33,S012,A,19.98059771776973,25,True,True,3.0149999999999997,3.0149999999999997,0.33000000000000007
0.33,S012,B,23.345613038226467,30,True,True,2.6799999999999993,2.6799999999999997,0.3300000000000002
0.33,S012,C,44.46359667695927,80,True,True,5.359999999999999,5.359999999999999,0.33000000000000007
0.33,S013,A,25.0,25,False,True,2.0741334613816913,3.0149999999999997,0.5390814530262908
0.33,S013,B,30.0,30,False,True,2.0143512763767877,2.6799999999999997,0.4964121809058031
0.33,S013,C,80.0,80,False,True,4.8914839898345805,5.359999999999999,0.38856450127067743
0.33,S014,A,25.0,25,False,True,2.4256925813159116,3.0149999999999997,0.4609572041520197
0.33,S014,B,30.0,30,False,True,2.355323535517482,2.6799999999999997,0.41116911612062945
0.33,S014,C,76.68461889980402,80,True,True,5.3599999999999985,5.359999999999999,0.3300000000000002
0.33,S015,A,25.0,25,False,True,2.619252919750836,3.0149999999999997,0.4179437956109253
0.33,S015,B,30.0,30,False,True,2.544440587539693,2.6799999999999997,0.3638898531150767
0.33,S015,C,69.00598036761488,80,True,True,5.359999999999999,5.359999999999999,0.33000000000000007
0.34,S001,A,25.0,25,False,True,1.3127180160965892,2.9699999999999998,0.7082848853118691
0.34,S001,B,30.0,30,False,True,1.2739487146258892,2.6399999999999997,0.6815128213435278
0.34,S001,C,80.0,80,False,True,3.0816969508470407,5.279999999999999,0.6147878811441199
0.34,S002,A,19.68521370668284,25,True,True,2.9699999999999998,2.9699999999999998,0.3400000000000001
0.34,S002,B,23.309777780172723,30,True,True,2.64,2.6399999999999997,0.33999999999999997
0.34,S002,C,43.13873645775918,80,True,True,5.279999999999999,5.279999999999999,0.3400000000000001
0.34,S003,A,16.325724894445717,25,True,True,2.9699999999999998,2.9699999999999998,0.3400000000000001
0.34,S003,B,21.58760777092296,30,True,True,2.6399999999999997,2.6399999999999997,0.3400000000000001
0.34,S003,C,41.698823447049605,80,True,True,5.2799999999999985,5.279999999999999,0.3400000000000002
0.34,S004,A,9.33949555629975,25,True,True,2.9699999999999998,2.9699999999999998,0.3400000000000001
0.34,S004,B,19.136392870006663,30,True,True,2.64,2.6399999999999997,0.33999999999999997
0.34,S004,C,32.41226338015264,80,True,True,5.279999999999996,5.279999999999999,0.3400000000000005
0.34,S005,A,25.0,25,False,True,2.244906793210243,2.9699999999999998,0.5011318237310571
0.34,S005,B,30.0,30,False,True,2.178298368995217,2.6399999999999997,0.4554254077511958
0.34,S005,C,79.8359327303085,80,True,True,5.279999999999996,5.279999999999999,0.3400000000000005
0.34,S006,A,25.0,25,False,True,1.3897202893687801,2.9699999999999998,0.69117326902916
0.34,S006,B,30.0,30,False,True,1.350059878268101,2.6399999999999997,0.6624850304329748
0.34,S006,C,80.0,80,False,True,3.2533316961756764,5.279999999999999,0.5933335379780404
0.34,S007,A,25.0,25,False,True,2.017930455020118,2.9699999999999998,0.5515710099955293
0.34,S007,B,30.0,30,False,True,1.9597756453456459,2.6399999999999997,0.5100560886635885
0.34,S007,C,80.0,80,False,True,4.679449163210208,5.279999999999999,0.415068854598724
0.34,S008,A,,25,True,False,,2.9699999999999998,
0.34,S008,B,16.006635762503677,30,True,True,2.6399999999999997,2.6399999999999997,0.3400000000000001
0.34,S008,C,21.17993435768407,80,True,True,5.279999999999999,5.279999999999999,0.3400000000000001
0.34,S009,A,25.0,25,False,True,2.3868506711344857,2.9699999999999998,0.46958873974789206
0.34,S009,B,30.0,30,False,True,2.3163773915299126,2.6399999999999997,0.42090565211752184
0.34,S009,C,74.74628399182063,80,True,True,5.279999999999999,5.279999999999999,0.3400000000000001
0.34,S010,A,25.0,25,False,True,2.0707024146924407,2.9699999999999998,0.5398439078461243
0.34,S010,B,30.0,30,False,True,2.01101470248853,2.6399999999999997,0.49724632437786753
0.34,S010,C,80.0,80,False,True,4.858749129052748,5.279999999999999,0.39265635886840655
0.34,S011,A,25.0,25,False,True,1.2196111986230465,2.9699999999999998,0.7289752891948786
0.34,S011,B,30.0,30,False,True,1.1839375412899882,2.6399999999999997,0.704015614677503
0.34,S011,C,80.0,80,False,True,2.853218920512951,5.279999999999999,0.6433476349358811
0.34,S012,A,17.66300684721633,25,True,True,2.9699999999999998,2.9699999999999998,0.3400000000000001
0.34,S012,B,22.337505463982215,30,True,True,2.6399999999999997,2.6399999999999997,0.3400000000000001
0.34,S012,C,41.63172695127934,80,True,True,5.28,5.279999999999999,0.33999999999999997
0.34,S013,A,25.0,25,False,True,2.0741334613816913,2.9699999999999998,0.5390814530262908
0.34,S013,B,30.0,30,False,True,2.0143512763767877,2.6399999999999997,0.4964121809058031
0.34,S013,C,80.0,80,False,True,4.8914839898345805,5.279999999999999,0.38856450127067743
0.34,S014,A,25.0,25,False,True,2.4256925813159116,2.9699999999999998,0.4609572041520197
0.34,S014,B,30.0,30,False,True,2.355323535517482,2.6399999999999997,0.41116911612062945
0.34,S014,C,75.49607391594844,80,True,True,5.280000000000007,5.279999999999999,0.3399999999999991
0.34,S015,A,25.0,25,False,True,2.619252919750836,2.9699999999999998,0.4179437956109253
0.34,S015,B,30.0,30,False,True,2.544440587539693,2.6399999999999997,0.3638898531150767
0.34,S015,C,67.51736701976758,80,True,True,5.279999999999999,5.279999999999999,0.3400000000000001
0.35,S001,A,25.0,25,False,True,1.3127180160965892,2.9250000000000003,0.7082848853118691
0.35,S001,B,30.0,30,False,True,1.2739487146258892,2.6,0.6815128213435278
0.35,S001,C,80.0,80,False,True,3.0816969508470407,5.2,0.6147878811441199
0.35,S002,A,17.287024760811473,25,True,True,2.9250000000000003,2.9250000000000003,0.35
0.35,S002,B,22.291312975724825,30,True,True,2.6,2.6,0.35
0.35,S002,C,40.153408485842064,80,True,True,5.2,5.2,0.35
0.35,S003,A,13.57894547450637,25,True,True,2.9250000000000003,2.9250000000000003,0.35
0.35,S003,B,20.439706273066147,30,True,True,2.6,2.6,0.35
0.35,S003,C,38.63544912286331,80,True,True,5.199999999999999,5.2,0.3500000000000001
0.35,S004,A,5.068367872485851,25,True,True,2.9250000000000016,2.9250000000000003,0.34999999999999964
0.35,S004,B,17.826130743020023,30,True,True,2.6,2.6,0.35
0.35,S004,C,28.492678858205725,80,True,True,5.199999999999998,5.2,0.3500000000000002
0.35,S005,A,25.0,25,False,True,2.244906793210243,2.9250000000000003,0.5011318237310571
0.35,S005,B,30.0,30,False,True,2.178298368995217,2.6,0.4554254077511958
0.35,S005,C,78.7715230521488,80,True,True,5.2,5.2,0.35
0.35,S006,A,25.0,25,False,True,1.3897202893687801,2.9250000000000003,0.69117326902916
0.35,S006,B,30.0,30,False,True,1.350059878268101,2.6,0.6624850304329748
0.35,S006,C,80.0,80,False,True,3.2533316961756764,5.2,0.5933335379780404
0.35,S007,A,25.0,25,False,True,2.017930455020118,2.9250000000000003,0.5515710099955293
0.35,S007,B,30.0,30,False,True,1.9597756453456459,2.6,0.5100560886635885
0.35,S007,C,80.0,80,False,True,4.679449163210208,5.2,0.415068854598724
0.35,S008,A,,25,True,False,,2.9250000000000003,
0.35,S008,B,14.44489103541088,30,True,True,2.6,2.6,0.35
0.35,S008,C,15.682762263232137,80,True,True,5.2,5.2,0.35
0.35,S009,A,25.0,25,False,True,2.3868506711344857,2.9250000000000003,0.46958873974789206
0.35,S009,B,30.0,30,False,True,2.3163773915299126,2.6,0.42090565211752184
0.35,S009,C,73.49184404236725,80,True,True,5.200000000000001,5.2,0.34999999999999987
0.35,S010,A,25.0,25,False,True,2.0707024146924407,2.9250000000000003,0.5398439078461243
0.35,S010,B,30.0,30,False,True,2.01101470248853,2.6,0.49724632437786753
0.35,S010,C,80.0,80,False,True,4.858749129052748,5.2,0.39265635886840655
0.35,S011,A,25.0,25,False,True,1.2196111986230465,2.9250000000000003,0.7289752891948786
0.35,S011,B,30.0,30,False,True,1.1839375412899882,2.6,0.704015614677503
0.35,S011,C,80.0,80,False,True,2.853218920512951,5.2,0.6433476349358811
0.35,S012,A,15.052832975041568,25,True,True,2.925,2.9250000000000003,0.3500000000000001
0.35,S012,B,21.25124849830574,30,True,True,2.5999999999999996,2.6,0.3500000000000001
0.35,S012,C,38.54569178520454,80,True,True,5.2,5.2,0.35
0.35,S013,A,25.0,25,False,True,2.0741334613816913,2.9250000000000003,0.5390814530262908
0.35,S013,B,30.0,30,False,True,2.0143512763767877,2.6,0.4964121809058031
0.35,S013,C,80.0,80,False,True,4.8914839898345805,5.2,0.38856450127067743
0.35,S014,A,25.0,25,False,True,2.4256925813159116,2.9250000000000003,0.4609572041520197
0.35,S014,B,30.0,30,False,True,2.355323535517482,2.6,0.41116911612062945
0.35,S014,C,74.24171374238996,80,True,True,5.200000000000001,5.2,0.34999999999999987
0.35,S015,A,25.0,25,False,True,2.619252919750836,2.9250000000000003,0.4179437956109253
0.35,S015,B,30.0,30,False,True,2.544440587539693,2.6,0.3638898531150767
0.35,S015,C,65.93952540692601,80,True,True,5.199999999999999,5.2,0.3500000000000001
0.36,S001,A,25.0,25,False,True,1.3127180160965892,2.88,0.7082848853118691
0.36,S001,B,30.0,30,False,True,1.2739487146258892,2.56,0.6815128213435278
0.36,S001,C,80.0,80,False,True,3.0816969508470407,5.12,0.6147878811441199
0.36,S002,A,14.564318835417483,25,True,True,2.88,2.88,0.36
0.36,S002,B,21.19219962980706,30,True,True,2.5599999999999996,2.56,0.3600000000000001
0.36,S002,C,36.881177210016084,80,True,True,5.12,5.12,0.36
0.36,S003,A,10.389652967886038,25,True,True,2.88,2.88,0.36
0.36,S003,B,19.195208839217383,30,True,True,2.56,2.56,0.36
0.36,S003,C,35.28327733392575,80,True,True,5.12,5.12,0.36
0.36,S004,A,,25,True,False,,2.88,
0.36,S004,B,16.390196122374935,30,True,True,2.5599999999999996,2.56,0.3600000000000001
0.36,S004,C,24.058149308791172,80,True,True,5.119999999999999,5.12,0.3600000000000001
0.36,S005,A,25.0,25,False,True,2.244906793210243,2.88,0.5011318237310571
0.36,S005,B,30.0,30,False,True,2.178298368995217,2.56,0.4554254077511958
0.36,S005,C,77.64963936264944,80,True,True,5.120000000000001,5.12,0.3599999999999999
0.36,S006,A,25.0,25,False,True,1.3897202893687801,2.88,0.69117326902916
0.36,S006,B,30.0,30,False,True,1.350059878268101,2.56,0.6624850304329748
0.36,S006,C,80.0,80,False,True,3.2533316961756764,5.12,0.5933335379780404
0.36,S007,A,25.0,25,False,True,2.017930455020118,2.88,0.5515710099955293
0.36,S007,B,30.0,30,False,True,1.9597756453456459,2.56,0.5100560886635885
0.36,S007,C,80.0,80,False,True,4.679449163210208,5.12,0.415068854598724
0.36,S008,A,,25,True,False,,2.88,
0.36,S008,B,12.701116671534068,30,True,True,2.56,2.56,0.36
0.36,S008,C,8.637680377244008,80,True,True,5.120000000000001,5.12,0.3599999999999999
0.36,S009,A,25.0,25,False,True,2.3868506711344857,2.88,0.46958873974789206
0.36,S009,B,30.0,30,False,True,2.3163773915299126,2.56,0.42090565211752184
0.36,S009,C,72.16558828819116,80,True,True,5.120000000000001,5.12,0.3599999999999999
0.36,S010,A,25.0,25,False,True,2.0707024146924407,2.88,0.5398439078461243
0.36,S010,B,30.0,30,False,True,2.01101470248853,2.56,0.49724632437786753
0.36,S010,C,80.0,80,False,True,4.858749129052748,5.12,0.39265635886840655
0.36,S011,A,25.0,25,False,True,1.2196111986230465,2.88,0.7289752891948786
0.36,S011,B,30.0,30,False,True,1.1839375412899882,2.56,0.704015614677503
0.36,S011,C,80.0,80,False,True,2.853218920512951,5.12,0.6433476349358811
0.36,S012,A,12.046154037644023,25,True,True,2.88,2.88,0.36
0.36,S012,B,20.07585724316171,30,True,True,2.56,2.56,0.36
0.36,S012,C,35.15874524856238,80,True,True,5.12,5.12,0.36
0.36,S013,A,25.0,25,False,True,2.0741334613816913,2.88,0.5390814530262908
0.36,S013,B,30.0,30,False,True,2.0143512763767877,2.56,0.4964121809058031
0.36,S013,C,80.0,80,False,True,4.8914839898345805,5.12,0.38856450127067743
0.36,S014,A,25.0,25,False,True,2.4256925813159116,2.88,0.4609572041520197
0.36,S014,B,30.0,30,False,True,2.355323535517482,2.56,0.41116911612062945
0.36,S014,C,72.91585604982811,80,True,True,5.12,5.12,0.36
0.36,S015,A,25.0,25,False,True,2.619252919750836,2.88,0.4179437956109253
0.36,S015,B,30.0,30,False,True,2.544440587539693,2.56,0.3638898531150767
0.36,S015,C,64.26391074179551,80,True,True,5.1199999999999966,5.12,0.36000000000000043
0.37,S001,A,25.0,25,False,True,1.3127180160965892,2.835,0.7082848853118691
0.37,S001,B,30.0,30,False,True,1.2739487146258892,2.52,0.6815128213435278
0.37,S001,C,80.0,80,False,True,3.0816969508470407,5.04,0.6147878811441199
0.37,S002,A,11.387663629351364,25,True,True,2.835,2.835,0.37
0.37,S002,B,20.000722218025544,30,True,True,2.52,2.52,0.37
0.37,S002,C,33.26315138723811,80,True,True,5.039999999999999,5.04,0.3700000000000001
0.37,S003,A,6.480117384388415,25,True,True,2.835,2.835,0.37
0.37,S003,B,17.838835657517805,30,True,True,2.52,2.52,0.37
0.37,S003,C,31.584347328218772,80,True,True,5.04,5.04,0.37
0.37,S004,A,,25,True,False,,2.835,
0.37,S004,B,14.803278931841685,30,True,True,2.52,2.52,0.37
0.37,S004,C,18.911642107473845,80,True,True,5.04,5.04,0.37
0.37,S005,A,25.0,25,False,True,2.244906793210243,2.835,0.5011318237310571
0.37,S005,B,30.0,30,False,True,2.178298368995217,2.52,0.4554254077511958
0.37,S005,C,76.46539761689696,80,True,True,5.0399999999999965,5.04,0.37000000000000044
0.37,S006,A,25.0,25,False,True,1.3897202893687801,2.835,0.69117326902916
0.37,S006,B,30.0,30,False,True,1.350059878268101,2.52,0.6624850304329748
0.37,S006,C,80.0,80,False,True,3.2533316961756764,5.04,0.5933335379780404
0.37,S007,A,25.0,25,False,True,2.017930455020118,2.835,0.5515710099955293
0.37,S007,B,30.0,30,False,True,1.9597756453456459,2.52,0.5100560886635885
0.37,S007,C,80.0,80,False,True,4.679449163210208,5.04,0.415068854598724
0.37,S008,A,,25,True,False,,2.835,
0.37,S008,B,10.721848182998121,30,True,True,2.52,2.52,0.37
0.37,S008,C,,80,True,False,,5.04,
0.37,S009,A,25.0,25,False,True,2.3868506711344857,2.835,0.46958873974789206
0.37,S009,B,30.0,30,False,True,2.3163773915299126,2.52,0.42090565211752184
0.37,S009,C,70.76094329413188,80,True,True,5.040000000000001,5.04,0.3699999999999999
0.37,S010,A,25.0,25,False,True,2.0707024146924407,2.835,0.5398439078461243
0.37,S010,B,30.0,30,False,True,2.01101470248853,2.52,0.49724632437786753
0.37,S010,C,80.0,80,False,True,4.858749129052748,5.04,0.39265635886840655
0.37,S011,A,25.0,25,False,True,1.2196111986230465,2.835,0.7289752891948786
0.37,S011,B,30.0,30,False,True,1.1839375412899882,2.52,0.704015614677503
0.37,S011,C,80.0,80,False,True,2.853218920512951,5.04,0.6433476349358811
0.37,S012,A,8.435235723784352,25,True,True,2.8349999999999995,2.835,0.3700000000000001
0.37,S012,B,18.797689433041224,30,True,True,2.5200000000000005,2.52,0.3699999999999999
0.37,S012,C,31.407065295302147,80,True,True,5.039999999999998,5.04,0.3700000000000002
0.37,S013,A,25.0,25,False,True,2.0741334613816913,2.835,0.5390814530262908
0.37,S013,B,30.0,30,False,True,2.0143512763767877,2.52,0.4964121809058031
0.37,S013,C,80.0,80,False,True,4.8914839898345805,5.04,0.38856450127067743
0.37,S014,A,25.0,25,False,True,2.4256925813159116,2.835,0.4609572041520197
0.37,S014,B,30.0,30,False,True,2.355323535517482,2.52,0.41116911612062945
0.37,S014,C,71.5121289679523,80,True,True,5.04,5.04,0.37
0.37,S015,A,25.0,25,False,True,2.619252919750836,2.835,0.4179437956109253
0.37,S015,B,29.570693927605188,30,True,True,2.5199999999999987,2.52,0.37000000000000033
0.37,S015,C,62.48078367791253,80,True,True,5.040000000000017,5.04,0.3699999999999979
0.38,S001,A,25.0,25,False,True,1.3127180160965892,2.79,0.7082848853118691
0.38,S001,B,30.0,30,False,True,1.2739487146258892,2.48,0.6815128213435278
0.38,S001,C,80.0,80,False,True,3.0816969508470407,4.96,0.6147878811441199
0.38,S002,A,7.473502524541816,25,True,True,2.7899999999999974,2.79,0.38000000000000056
0.38,S002,B,18.702215505943744,30,True,True,2.48,2.48,0.38
0.38,S002,C,29.215558406054846,80,True,True,4.960000000000004,4.96,0.37999999999999945
0.38,S003,A,0.37255256546281096,25,True,True,2.79,2.79,0.38
0.38,S003,B,16.350889335004755,30,True,True,2.48,2.48,0.38
0.38,S003,C,27.456184452382622,80,True,True,4.96,4.96,0.38
0.38,S004,A,,25,True,False,,2.79,
0.38,S004,B,13.029671976137202,30,True,True,2.48,2.48,0.38
0.38,S004,C,12.634557324535077,80,True,True,4.96,4.96,0.38
0.38,S005,A,25.0,25,False,True,2.244906793210243,2.79,0.5011318237310571
0.38,S005,B,30.0,30,False,True,2.178298368995217,2.48,0.4554254077511958
0.38,S005,C,75.21332721678503,80,True,True,4.959999999999999,4.96,0.3800000000000001
0.38,S006,A,25.0,25,False,True,1.3897202893687801,2.79,0.69117326902916
0.38,S006,B,30.0,30,False,True,1.350059878268101,2.48,0.6624850304329748
0.38,S006,C,80.0,80,False,True,3.2533316961756764,4.96,0.5933335379780404
0.38,S007,A,25.0,25,False,True,2.017930455020118,2.79,0.5515710099955293
0.38,S007,B,30.0,30,False,True,1.9597756453456459,2.48,0.5100560886635885
0.38,S007,C,80.0,80,False,True,4.679449163210208,4.96,0.415068854598724
0.38,S008,A,,25,True,False,,2.79,
0.38,S008,B,8.414872422475348,30,True,True,2.48,2.48,0.38
0.38,S008,C,,80,True,False,,4.96,
0.38,S009,A,25.0,25,False,True,2.3868506711344857,2.79,0.46958873974789206
0.38,S009,B,30.0,30,False,True,2.3163773915299126,2.48,0.42090565211752184
0.38,S009,C,69.2704670015046,80,True,True,4.96,4.96,0.38
0.38,S010,A,25.0,25,False,True,2.0707024146924407,2.79,0.5398439078461243
0.38,S010,B,30.0,30,False,True,2.01101470248853,2.48,0.49724632437786753
0.38,S010,C,80.0,80,False,True,4.858749129052748,4.96,0.39265635886840655
0.38,S011,A,25.0,25,False,True,1.2196111986230465,2.79,0.7289752891948786
0.38,S011,B,30.0,30,False,True,1.1839375412899882,2.48,0.704015614677503
0.38,S011,C,80.0,80,False,True,2.853218920512951,4.96,0.6433476349358811
0.38,S012,A,3.5724006095541383,25,True,True,2.7900000000000005,2.79,0.3799999999999999
0.38,S012,B,17.399377527499833,30,True,True,2.48,2.48,0.38
0.38,S012,C,27.198129006976174,80,True,True,4.96,4.96,0.38
0.38,S013,A,25.0,25,False,True,2.0741334613816913,2.79,0.5390814530262908
0.38,S013,B,30.0,30,False,True,2.0143512763767877,2.48,0.4964121809058031
0.38,S013,C,80.0,80,False,True,4.8914839898345805,4.96,0.38856450127067743
0.38,S014,A,25.0,25,False,True,2.4256925813159116,2.79,0.4609572041520197
0.38,S014,B,30.0,30,False,True,2.355323535517482,2.48,0.41116911612062945
0.38,S014,C,70.02335875680025,80,True,True,4.96,4.96,0.38
0.38,S015,A,25.0,25,False,True,2.619252919750836,2.79,0.4179437956109253
0.38,S015,B,28.831468305038417,30,True,True,2.48,2.48,0.38
0.38,S015,C,60.57897431879817,80,True,True,4.959999999999989,4.96,0.38000000000000134
0.39,S001,A,25.0,25,False,True,1.3127180160965892,2.745,0.7082848853118691
0.39,S001,B,30.0,30,False,True,1.2739487146258892,2.44,0.6815128213435278
0.39,S001,C,80.0,80,False,True,3.0816969508470407,4.88,0.6147878811441199
0.39,S002,A,1.5530417218090249,25,True,True,2.7449999999999997,2.745,0.3900000000000001
0.39,S002,B,17.277828369442126,30,True,True,2.4399999999999995,2.44,0.3900000000000001
0.39,S002,C,24.60952276065515,80,True,True,4.879999999999996,4.88,0.39000000000000046
0.39,S003,A,,25,True,False,,2.745,
0.39,S003,B,14.705001050231266,30,True,True,2.44,2.44,0.39
0.39,S003,C,22.771382525706876,80,True,True,4.88,4.88,0.39
0.39,S004,A,,25,True,False,,2.745,
0.39,S004,B,11.015079714124774,30,True,True,2.44,2.44,0.39
0.39,S004,C,3.602355961633367,80,True,True,4.88,4.88,0.39
0.39,S005,A,25.0,25,False,True,2.244906793210243,2.745,0.5011318237310571
0.39,S005,B,30.0,30,False,True,2.178298368995217,2.44,0.4554254077511958
0.39,S005,C,73.88727654843477,80,True,True,4.88,4.88,0.39
0.39,S006,A,25.0,25,False,True,1.3897202893687801,2.745,0.69117326902916
0.39,S006,B,30.0,30,False,True,1.350059878268101,2.44,0.6624850304329748
0.39,S006,C,80.0,80,False,True,3.2533316961756764,4.88,0.5933335379780404
0.39,S007,A,25.0,25,False,True,2.017930455020118,2.745,0.5515710099955293
0.39,S007,B,30.0,30,False,True,1.9597756453456459,2.44,0.5100560886635885
0.39,S007,C,80.0,80,False,True,4.679449163210208,4.88,0.415068854598724
0.39,S008,A,,25,True,False,,2.745,
0.39,S008,B,5.581379038047451,30,True,True,2.44,2.44,0.39
0.39,S008,C,,80,True,False,,4.88,
0.39,S009,A,25.0,25,False,True,2.3868506711344857,2.745,0.46958873974789206
0.39,S009,B,30.0,30,False,True,2.3163773915299126,2.44,0.42090565211752184
0.39,S009,C,67.68569068809038,80,True,True,4.88,4.88,0.39
0.39,S010,A,25.0,25,False,True,2.0707024146924407,2.745,0.5398439078461243
0.39,S010,B,30.0,30,False,True,2.01101470248853,2.44,0.49724632437786753
0.39,S010,C,80.0,80,False,True,4.858749129052748,4.88,0.39265635886840655
0.39,S011,A,25.0,25,False,True,1.2196111986230465,2.745,0.7289752891948786
0.39,S011,B,30.0,30,False,True,1.1839375412899882,2.44,0.704015614677503
0.39,S011,C,80.0,80,False,True,2.853218920512951,4.88,0.6433476349358811
0.39,S012,A,,25,True,False,,2.745,
0.39,S012,B,15.858083822872024,30,True,True,2.44,2.44,0.39
0.39,S012,C,22.38517503343841,80,True,True,4.88,4.88,0.39
0.39,S013,A,25.0,25,False,True,2.0741334613816913,2.745,0.5390814530262908
0.39,S013,B,30.0,30,False,True,2.0143512763767877,2.44,0.4964121809058031
0.39,S013,C,79.83930069903055,80,True,True,4.879999999999987,4.88,0.3900000000000017
0.39,S014,A,25.0,25,False,True,2.4256925813159116,2.745,0.4609572041520197
0.39,S014,B,30.0,30,False,True,2.355323535517482,2.44,0.41116911612062945
0.39,S014,C,68.44143338437145,80,True,True,4.88,4.88,0.39
0.39,S015,A,25.0,25,False,True,2.619252919750836,2.745,0.4179437956109253
0.39,S015,B,28.042680626446888,30,True,True,2.44,2.44,0.39
0.39,S015,C,58.54558126511475,80,True,True,4.880000000000001,4.88,0.3899999999999999
0.4,S001,A,25.0,25,False,True,1.3127180160965892,2.6999999999999997,0.7082848853118691
0.4,S001,B,30.0,30,False,True,1.2739487146258892,2.4,0.6815128213435278
0.4,S001,C,80.0,80,False,True,3.0816969508470407,4.8,0.6147878811441199
0.4,S002,A,,25,True,False,,2.6999999999999997,
0.4,S002,B,15.702468953146864,30,True,True,2.4,2.4,0.4
0.4,S002,C,19.22036716165892,80,True,True,4.799999999999999,4.8,0.40000000000000013
0.4,S003,A,,25,True,False,,2.6999999999999997,
0.4,S003,B,12.86396693864163,30,True,True,2.4,2.4,0.4
0.4,S003,C,17.30510864970594,80,True,True,4.8,4.8,0.4
0.4,S004,A,,25,True,False,,2.6999999999999997,
0.4,S004,B,8.666543726617409,30,True,True,2.4,2.4,0.4
0.4,S004,C,,80,True,False,,4.8,
0.4,S005,A,25.0,25,False,True,2.244906793210243,2.6999999999999997,0.5011318237310571
0.4,S005,B,30.0,30,False,True,2.178298368995217,2.4,0.4554254077511958
0.4,S005,C,72.48029868481507,80,True,True,4.8,4.8,0.4
0.4,S006,A,25.0,25,False,True,1.3897202893687801,2.6999999999999997,0.69117326902916
0.4,S006,B,30.0,30,False,True,1.350059878268101,2.4,0.6624850304329748
0.4,S006,C,80.0,80,False,True,3.2533316961756764,4.8,0.5933335379780404
0.4,S007,A,25.0,25,False,True,2.017930455020118,2.6999999999999997,0.5515710099955293
0.4,S007,B,30.0,30,False,True,1.9597756453456459,2.4,0.5100560886635885
0.4,S007,C,80.0,80,False,True,4.679449163210208,4.8,0.415068854598724
0.4,S008,A,,25,True,False,,2.6999999999999997,
0.4,S008,B,1.3967101863308693,30,True,True,2.4,2.4,0.4
0.4,S008,C,,80,True,False,,4.8,
0.4,S009,A,25.0,25,False,True,2.3868506711344857,2.6999999999999997,0.46958873974789206
0.4,S009,B,30.0,30,False,True,2.3163773915299126,2.4,0.42090565211752184
0.4,S009,C,65.99692233134623,80,True,True,4.799999999999998,4.8,0.40000000000000024
0.4,S010,A,25.0,25,False,True,2.0707024146924407,2.6999999999999997,0.5398439078461243
0.4,S010,B,30.0,30,False,True,2.01101470248853,2.4,0.49724632437786753
0.4,S010,C,79.154621178705,80,True,True,4.799999999999985,4.8,0.4000000000000019
0.4,S011,A,25.0,25,False,True,1.2196111986230465,2.6999999999999997,0.7289752891948786
0.4,S011,B,30.0,30,False,True,1.1839375412899882,2.4,0.704015614677503
0.4,S011,C,80.0,80,False,True,2.853218920512951,4.8,0.6433476349358811
0.4,S012,A,,25,True,False,,2.6999999999999997,
0.4,S012,B,14.14243064250079,30,True,True,2.3999999999999995,2.4,0.40000000000000013
0.4,S012,C,16.69786845782034,80,True,True,4.8,4.8,0.4
0.4,S013,A,25.0,25,False,True,2.0741334613816913,2.6999999999999997,0.5390814530262908
0.4,S013,B,30.0,30,False,True,2.0143512763767877,2.4,0.4964121809058031
0.4,S013,C,78.68350120745023,80,True,True,4.8,4.8,0.4
0.4,S014,A,25.0,25,False,True,2.4256925813159116,2.6999999999999997,0.4609572041520197
0.4,S014,B,30.0,30,False,True,2.355323535517482,2.4,0.41116911612062945
0.4,S014,C,66.75713526510602,80,True,True,4.8,4.8,0.4
0.4,S015,A,25.0,25,False,True,2.619252919750836,2.6999999999999997,0.4179437956109253
0.4,S015,B,27.198962323635538,30,True,True,2.4000000000000004,2.4,0.3999999999999999
0.4,S015,C,56.365581204596104,80,True,True,4.7999999999999945,4.8,0.4000000000000007
